tld,type,punycode,language_code,translation,romanized,rtl,sponsor
aaa,gTLD,,,,,False,"American Automobile Association, Inc."
aarp,gTLD,,,,,False,AARP
abarth,gTLD,,,,,False,Fiat Chrysler Automobiles N.V.
abb,gTLD,,,,,False,ABB Ltd
abbott,gTLD,,,,,False,"Abbott Laboratories, Inc."
abbvie,gTLD,,,,,False,AbbVie Inc.
abc,gTLD,,,,,False,"Disney Enterprises, Inc."
able,gTLD,,,,,False,Able Inc.
abogado,gTLD,,,lawyer,,False,Minds + Machines Group Limited
abudhabi,gTLD,,,,,False,Abu Dhabi Systems and Information Centre
ac,ccTLD,,,,,False,Internet Computer Bureau Limited
academy,gTLD,,,,,False,"Binky Moon, LLC"
accenture,gTLD,,,,,False,Accenture plc
accountant,gTLD,,,,,False,dot Accountant Limited
accountants,gTLD,,,,,False,"Binky Moon, LLC"
aco,gTLD,,,,,False,ACO Severin Ahlmann GmbH & Co. KG
active,gTLD,,,,,False,Not assigned
actor,gTLD,,,,,False,United TLD Holdco Ltd.
ad,ccTLD,,,,,False,Andorra Telecom
adac,gTLD,,,,,False,Allgemeiner Deutscher Automobil-Club e.V. (ADAC)
ads,gTLD,,,,,False,Charleston Road Registry Inc.
adult,gTLD,,,,,False,ICM Registry AD LLC
ae,ccTLD,,,,,False,Telecommunication Regulatory Authority (TRA)
aeg,gTLD,,,,,False,Aktiebolaget Electrolux
aero,sTLD,,,,,False,Societe Internationale de Telecommunications Aeronautique (SITA INC USA)
aetna,gTLD,,,,,False,Aetna Life Insurance Company
af,ccTLD,,,,,False,Ministry of Communications and IT
afamilycompany,gTLD,,,,,False,"Johnson Shareholdings, Inc."
afl,gTLD,,,,,False,Australian Football League
africa,gTLD,,,,,False,ZA Central Registry NPC trading as Registry.Africa
ag,ccTLD,,,,,False,UHSA School of Medicine
agakhan,gTLD,,,,,False,Fondation Aga Khan (Aga Khan Foundation)
agency,gTLD,,,,,False,"Binky Moon, LLC"
ai,ccTLD,,,,,False,Government of Anguilla
aig,gTLD,,,,,False,"American International Group, Inc."
aigo,gTLD,,,,,False,Not assigned
airbus,gTLD,,,,,False,Airbus S.A.S.
airforce,gTLD,,,,,False,United TLD Holdco Ltd.
airtel,gTLD,,,,,False,Bharti Airtel Limited
akdn,gTLD,,,,,False,Fondation Aga Khan (Aga Khan Foundation)
al,ccTLD,,,,,False,Electronic and Postal Communications Authority - AKEP
alfaromeo,gTLD,,,,,False,Fiat Chrysler Automobiles N.V.
alibaba,gTLD,,,,,False,Alibaba Group Holding Limited
alipay,gTLD,,,,,False,Alibaba Group Holding Limited
allfinanz,gTLD,,,,,False,Allfinanz Deutsche Vermögensberatung Aktiengesellschaft
allstate,gTLD,,,,,False,Allstate Fire and Casualty Insurance Company
ally,gTLD,,,,,False,Ally Financial Inc.
alsace,gTLD,,,,,False,REGION GRAND EST
alstom,gTLD,,,,,False,ALSTOM
am,ccTLD,,,,,False,"""Internet Society"" Non-governmental Organization"
amazon,gTLD,,,,,False,"Amazon Registry Services, Inc."
americanexpress,gTLD,,,,,False,"American Express Travel Related Services Company, Inc."
americanfamily,gTLD,,,,,False,"AmFam, Inc."
amex,gTLD,,,,,False,"American Express Travel Related Services Company, Inc."
amfam,gTLD,,,,,False,"AmFam, Inc."
amica,gTLD,,,,,False,Amica Mutual Insurance Company
amsterdam,gTLD,,,,,False,Gemeente Amsterdam
an,ccTLD,,,,,False,Retired
analytics,gTLD,,,,,False,Campus IP LLC
android,gTLD,,,,,False,Charleston Road Registry Inc.
anquan,gTLD,,,,,False,QIHOO 360 TECHNOLOGY CO. LTD.
anz,gTLD,,,,,False,Australia and New Zealand Banking Group Limited
ao,ccTLD,,,,,False,Ministry of Telecommunications and Information Technologies (MTTI)
aol,gTLD,,,,,False,OATH Inc.
apartments,gTLD,,,,,False,"Binky Moon, LLC"
app,gTLD,,,,,False,Charleston Road Registry Inc.
apple,gTLD,,,,,False,Apple Inc.
aq,ccTLD,,,,,False,Antarctica Network Information Centre Limited
aquarelle,gTLD,,,,,False,Aquarelle.com
ar,ccTLD,,,,,False,Presidencia de la Nación – Secretaría Legal y Técnica
arab,gTLD,,,,,False,League of Arab States
aramco,gTLD,,,,,False,Aramco Services Company
archi,gTLD,,,,,False,Afilias Limited
army,gTLD,,,,,False,United TLD Holdco Ltd.
arpa,infrastructure,,,,,False,Internet Architecture Board (IAB)
art,gTLD,,,,,False,UK Creative Ideas Limited
arte,gTLD,,,,,False,Association Relative à la Télévision Européenne G.E.I.E.
as,ccTLD,,,,,False,AS Domain Registry
asda,gTLD,,,,,False,"Wal-Mart Stores, Inc."
asia,sTLD,,,,,False,DotAsia Organisation Ltd.
associates,gTLD,,,,,False,"Binky Moon, LLC"
at,ccTLD,,,,,False,nic.at GmbH
athleta,gTLD,,,,,False,"The Gap, Inc."
attorney,gTLD,,,,,False,"United TLD Holdco, Ltd"
au,ccTLD,,,,,False,.au Domain Administration (auDA)
auction,gTLD,,,,,False,"United TLD HoldCo, Ltd."
audi,gTLD,,,,,False,AUDI Aktiengesellschaft
audible,gTLD,,,,,False,"Amazon Registry Services, Inc."
audio,gTLD,,,,,False,"Uniregistry, Corp."
auspost,gTLD,,,,,False,Australian Postal Corporation
author,gTLD,,,,,False,"Amazon Registry Services, Inc."
auto,gTLD,,,,,False,XYZ.COM LLC
autos,gTLD,,,,,False,"DERAutos, LLC"
avianca,gTLD,,,,,False,Avianca Holdings S.A.
aw,ccTLD,,,,,False,SETAR
aws,gTLD,,,,,False,"Amazon Registry Services, Inc."
ax,ccTLD,,,,,False,Ålands landskapsregering
axa,gTLD,,,,,False,AXA SA
az,ccTLD,,,,,False,IntraNS
azure,gTLD,,,,,False,Microsoft Corporation
ba,ccTLD,,,,,False,Universtiy Telinformatic Centre (UTIC)
baby,gTLD,,,,,False,XYZ.COM LLC
baidu,gTLD,,,,,False,"Baidu, Inc."
banamex,gTLD,,,,,False,Citigroup Inc.
bananarepublic,gTLD,,,,,False,"The Gap, Inc."
band,gTLD,,,,,False,"United TLD Holdco, Ltd"
bank,gTLD,,,,,False,"fTLD Registry Services, LLC"
bar,gTLD,,,,,False,Punto 2012 Sociedad Anonima Promotora de Inversion de Capital Variable
barcelona,gTLD,,,,,False,Municipi de Barcelona
barclaycard,gTLD,,,,,False,Barclays Bank PLC
barclays,gTLD,,,,,False,Barclays Bank PLC
barefoot,gTLD,,,,,False,"Gallo Vineyards, Inc."
bargains,gTLD,,,,,False,"Binky Moon, LLC"
baseball,gTLD,,,,,False,"MLB Advanced Media DH, LLC"
basketball,gTLD,,,,,False,Fédération Internationale de Basketball (FIBA)
bauhaus,gTLD,,,,,False,Werkhaus GmbH
bayern,gTLD,,,,,False,Bayern Connect GmbH
bb,ccTLD,,,,,False,Government of Barbados Ministry of Economic Affairs and Development Telecommunications Unit
bbc,gTLD,,,,,False,British Broadcasting Corporation
bbt,gTLD,,,,,False,BB&T Corporation
bbva,gTLD,,,,,False,"BANCO BILBAO VIZCAYA ARGENTARIA, S.A."
bcg,gTLD,,,,,False,"The Boston Consulting Group, Inc."
bcn,gTLD,,,,,False,Municipi de Barcelona
bd,ccTLD,,,,,False,Posts and Telecommunications Division
be,ccTLD,,,,,False,DNS Belgium vzw/asbl
beats,gTLD,,,,,False,"Beats Electronics, LLC"
beauty,gTLD,,,,,False,XYZ.COM LLC
beer,gTLD,,,,,False,Minds + Machines Group Limited
bentley,gTLD,,,,,False,Bentley Motors Limited
berlin,gTLD,,,,,False,dotBERLIN GmbH & Co. KG
best,gTLD,,,,,False,BestTLD Pty Ltd
bestbuy,gTLD,,,,,False,"BBY Solutions, Inc."
bet,gTLD,,,,,False,Afilias Limited
bf,ccTLD,,,,,False,ARCE-AutoritÈ de RÈgulation des Communications Electroniques
bg,ccTLD,,,,,False,Register.BG
bh,ccTLD,,,,,False,Telecommunications Regulatory Authority (TRA)
bharti,gTLD,,,,,False,Bharti Enterprises (Holding) Private Limited
bi,ccTLD,,,,,False,Centre National de l'Informatique
bible,gTLD,,,,,False,American Bible Society
bid,gTLD,,,,,False,dot Bid Limited
bike,gTLD,,,,,False,"Binky Moon, LLC"
bing,gTLD,,,,,False,Microsoft Corporation
bingo,gTLD,,,,,False,"Binky Moon, LLC"
bio,gTLD,,,,,False,Afilias Limited
biz,grTLD,,,,,False,"Registry Services, LLC"
bj,ccTLD,,,,,False,Autorité de Régulation des Communications Electroniques et de la Poste du Bénin (ARCEP BENIN)
bl,ccTLD,,,,,False,Not assigned
black,gTLD,,,,,False,Afilias Limited
blackfriday,gTLD,,,,,False,"Uniregistry, Corp."
blanco,gTLD,,,,,False,Not assigned
blockbuster,gTLD,,,,,False,Dish DBS Corporation
blog,gTLD,,,,,False,"Knock Knock WHOIS There, LLC"
bloomberg,gTLD,,,,,False,Bloomberg IP Holdings LLC
blue,gTLD,,,,,False,Afilias Limited
bm,ccTLD,,,,,False,"Registry General Department, Ministry of Home Affairs"
bms,gTLD,,,,,False,Bristol-Myers Squibb Company
bmw,gTLD,,,,,False,Bayerische Motoren Werke Aktiengesellschaft
bn,ccTLD,,,,,False,Authority for Info-communications Technology Industry of Brunei Darussalam (AITI)
bnl,gTLD,,,,,False,Not assigned
bnpparibas,gTLD,,,,,False,BNP Paribas
bo,ccTLD,,,,,False,Agencia para el Desarrollo de la Información de la Sociedad en Bolivia
boats,gTLD,,,,,False,"DERBoats, LLC"
boehringer,gTLD,,,,,False,Boehringer Ingelheim International GmbH
bofa,gTLD,,,,,False,Bank of America Corporation
bom,gTLD,,,good,,False,Núcleo de Informação e Coordenação do Ponto BR - NIC.br
bond,gTLD,,,,,False,Shortdot SA
boo,gTLD,,,,,False,Charleston Road Registry Inc.
book,gTLD,,,,,False,"Amazon Registry Services, Inc."
booking,gTLD,,,,,False,Booking.com B.V.
boots,gTLD,,,,,False,Not assigned
bosch,gTLD,,,,,False,Robert Bosch GMBH
bostik,gTLD,,,,,False,Bostik SA
boston,gTLD,,,,,False,"Boston TLD Management, LLC"
bot,gTLD,,,,,False,"Amazon Registry Services, Inc."
boutique,gTLD,,,,,False,"Binky Moon, LLC"
box,gTLD,,,,,False,Intercap Registry Inc.
bq,ccTLD,,,,,False,Not assigned
br,ccTLD,,,,,False,Comite Gestor da Internet no Brasil
bradesco,gTLD,,,,,False,Banco Bradesco S.A.
bridgestone,gTLD,,,,,False,Bridgestone Corporation
broadway,gTLD,,,,,False,"Celebrate Broadway, Inc."
broker,gTLD,,,,,False,DOTBROKER REGISTRY LTD
brother,gTLD,,,,,False,"Brother Industries, Ltd."
brussels,gTLD,,,,,False,DNS.be vzw
bs,ccTLD,,,,,False,University of The Bahamas
bt,ccTLD,,,,,False,Ministry of Information and Communications
budapest,gTLD,,,,,False,Minds + Machines Group Limited
bugatti,gTLD,,,,,False,Bugatti International SA
build,gTLD,,,,,False,Plan Bee LLC
builders,gTLD,,,,,False,"Binky Moon, LLC"
business,gTLD,,,,,False,"Binky Moon, LLC"
buy,gTLD,,,,,False,"Amazon Registry Services, INC"
buzz,gTLD,,,,,False,DOTSTRATEGY CO.
bv,ccTLD,,,,,False,Norid A/S
bw,ccTLD,,,,,False,Botswana Communications Regulatory Authority (BOCRA)
by,ccTLD,,,,,False,"Reliable Software, Ltd."
bz,ccTLD,,,,,False,University of Belize
bzh,gTLD,,,,,False,Association www.bzh
ca,ccTLD,,,,,False,Canadian Internet Registration Authority (CIRA) Autorité Canadienne pour les enregistrements Internet (ACEI)
cab,gTLD,,,,,False,"Binky Moon, LLC"
cafe,gTLD,,,café,,False,"Binky Moon, LLC"
cal,gTLD,,,,,False,Charleston Road Registry Inc.
call,gTLD,,,,,False,"Amazon Registry Services, Inc."
calvinklein,gTLD,,,,,False,PVH gTLD Holdings LLC
cam,gTLD,,,,,False,AC Webconnecting Holding B.V.
camera,gTLD,,,,,False,"Binky Moon, LLC"
camp,gTLD,,,,,False,"Binky Moon, LLC"
cancerresearch,gTLD,,,,,False,Australian Cancer Research Foundation
canon,gTLD,,,,,False,Canon Inc.
capetown,gTLD,,,,,False,ZA Central Registry NPC trading as ZA Central Registry
capital,gTLD,,,,,False,"Binky Moon, LLC"
capitalone,gTLD,,,,,False,Capital One Financial Corporation
car,gTLD,,,,,False,XYZ.COM LLC
caravan,gTLD,,,,,False,"Caravan International, Inc."
cards,gTLD,,,,,False,"Binky Moon, LLC"
care,gTLD,,,,,False,"Binky Moon, LLC"
career,gTLD,,,,,False,dotCareer LLC
careers,gTLD,,,,,False,"Binky Moon, LLC"
cars,gTLD,,,,,False,XYZ.COM LLC
cartier,gTLD,,,,,False,Not assigned
casa,gTLD,,,house,,False,Minds + Machines Group Limited
case,gTLD,,,,,False,CNH Industrial N.V.
caseih,gTLD,,,,,False,CNH Industrial N.V.
cash,gTLD,,,,,False,"Binky Moon, LLC"
casino,gTLD,,,,,False,"Binky Moon, LLC"
cat,sTLD,,,,,False,Fundacio puntCAT
catering,gTLD,,,,,False,"Binky Moon, LLC"
catholic,gTLD,,,,,False,Pontificium Consilium de Comunicationibus Socialibus (PCCS) (Pontifical Council for Social Communication)
cba,gTLD,,,,,False,COMMONWEALTH BANK OF AUSTRALIA
cbn,gTLD,,,,,False,"The Christian Broadcasting Network, Inc."
cbre,gTLD,,,,,False,"CBRE, Inc."
cbs,gTLD,,,,,False,CBS Domains Inc.
cc,ccTLD,,,,,False,eNIC Cocos (Keeling) Islands Pty. Ltd. d/b/a Island Internet Services
cd,ccTLD,,,,,False,Office Congolais des Postes et Télécommunications - OCPT
ceb,gTLD,,,,,False,The Corporate Executive Board Company
center,gTLD,,,,,False,"Binky Moon, LLC"
ceo,gTLD,,,,,False,CEOTLD Pty Ltd
cern,gTLD,,,,,False,"European Organization for Nuclear Research (""CERN"")"
cf,ccTLD,,,,,False,Societe Centrafricaine de Telecommunications (SOCATEL)
cfa,gTLD,,,,,False,CFA Institute
cfd,gTLD,,,,,False,DOTCFD REGISTRY LTD
cg,ccTLD,,,,,False,Interpoint Switzerland
ch,ccTLD,,,,,False,SWITCH The Swiss Education & Research Network
chanel,gTLD,,,,,False,Chanel International B.V.
channel,gTLD,,,,,False,Charleston Road Registry Inc.
charity,gTLD,,,,,False,"Corn Lake, LLC"
chase,gTLD,,,,,False,"JPMorgan Chase Bank, National Association"
chat,gTLD,,,,,False,"Binky Moon, LLC"
cheap,gTLD,,,,,False,"Binky Moon, LLC"
chintai,gTLD,,,,,False,CHINTAI Corporation
chloe,gTLD,,,,,False,Not assigned
christmas,gTLD,,,,,False,"Uniregistry, Corp."
chrome,gTLD,,,,,False,Charleston Road Registry Inc.
chrysler,gTLD,,,,,False,Not assigned
church,gTLD,,,,,False,"Binky Moon, LLC"
ci,ccTLD,,,,,False,Autorité de Régulation des Télécommunications/TIC de Côte d’lvoire (ARTCI)
cipriani,gTLD,,,,,False,Hotel Cipriani Srl
circle,gTLD,,,,,False,"Amazon Registry Services, Inc."
cisco,gTLD,,,,,False,"Cisco Technology, Inc."
citadel,gTLD,,,,,False,Citadel Domain LLC
citi,gTLD,,,,,False,Citigroup Inc.
citic,gTLD,,,,,False,CITIC Group Corporation
city,gTLD,,,,,False,"Binky Moon, LLC"
cityeats,gTLD,,,,,False,"Lifestyle Domain Holdings, Inc."
ck,ccTLD,,,,,False,Telecom Cook Islands Ltd.
cl,ccTLD,,,,,False,NIC Chile (University of Chile)
claims,gTLD,,,,,False,"Binky Moon, LLC"
cleaning,gTLD,,,,,False,"Binky Moon, LLC"
click,gTLD,,,,,False,"Uniregistry, Corp."
clinic,gTLD,,,,,False,"Binky Moon, LLC"
clinique,gTLD,,,,,False,The Estée Lauder Companies Inc.
clothing,gTLD,,,,,False,"Binky Moon, LLC"
cloud,gTLD,,,,,False,ARUBA PEC S.p.A.
club,gTLD,,,,,False,".CLUB DOMAINS, LLC"
clubmed,gTLD,,,,,False,Club Méditerranée S.A.
cm,ccTLD,,,,,False,Cameroon Telecommunications (CAMTEL)
cn,ccTLD,,,,,False,China Internet Network Information Center (CNNIC)
co,ccTLD,,,,,False,Ministry of Information and Communications Technologies (MinTIC)
coach,gTLD,,,,,False,"Binky Moon, LLC"
codes,gTLD,,,,,False,"Binky Moon, LLC"
coffee,gTLD,,,,,False,"Binky Moon, LLC"
college,gTLD,,,,,False,XYZ.COM LLC
cologne,gTLD,,,,,False,dotKoeln GmbH
com,gTLD,,,,,False,VeriSign Global Registry Services
comcast,gTLD,,,,,False,"Comcast IP Holdings I, LLC"
commbank,gTLD,,,,,False,COMMONWEALTH BANK OF AUSTRALIA
community,gTLD,,,,,False,"Binky Moon, LLC"
company,gTLD,,,,,False,"Binky Moon, LLC"
compare,gTLD,,,,,False,"Registry Services, LLC"
computer,gTLD,,,,,False,"Binky Moon, LLC"
comsec,gTLD,,,,,False,"VeriSign, Inc."
condos,gTLD,,,,,False,"Binky Moon, LLC"
construction,gTLD,,,,,False,"Binky Moon, LLC"
consulting,gTLD,,,,,False,"United TLD Holdco, LTD."
contact,gTLD,,,,,False,"Dog Beach, LLC"
contractors,gTLD,,,,,False,"Binky Moon, LLC"
cooking,gTLD,,,,,False,Minds + Machines Group Limited
cookingchannel,gTLD,,,,,False,"Lifestyle Domain Holdings, Inc."
cool,gTLD,,,,,False,"Binky Moon, LLC"
coop,sTLD,,,,,False,DotCooperation LLC
corsica,gTLD,,,,,False,Collectivité de Corse
country,gTLD,,,,,False,Top Level Domain Holdings Limited
coupon,gTLD,,,,,False,"Amazon Registry Services, Inc."
coupons,gTLD,,,,,False,"Binky Moon, LLC"
courses,gTLD,,,,,False,OPEN UNIVERSITIES AUSTRALIA PTY LTD
cpa,gTLD,,,,,False,American Institute of Certified Public Accountants
cr,ccTLD,,,,,False,National Academy of Sciences Academia Nacional de Ciencias
credit,gTLD,,,,,False,"Binky Moon, LLC"
creditcard,gTLD,,,,,False,"Binky Moon, LLC"
creditunion,gTLD,,,,,False,"CUNA Performance Resources, LLC"
cricket,gTLD,,,,,False,dot Cricket Limited
crown,gTLD,,,,,False,Crown Equipment Corporation
crs,gTLD,,,,,False,Federated Co-operatives Limited
cruise,gTLD,,,,,False,Viking River Cruises (Bermuda) Ltd.
cruises,gTLD,,,,,False,"Binky Moon, LLC"
csc,gTLD,,,,,False,"Alliance-One Services, Inc."
cu,ccTLD,,,,,False,CENIAInternet Industria y San Jose Capitolio Nacional
cuisinella,gTLD,,,,,False,SALM S.A.S.
cv,ccTLD,,,,,False,Agência Reguladora Multissectorial da Economia (ARME)
cw,ccTLD,,,,,False,University of Curacao
cx,ccTLD,,,,,False,Christmas Island Domain Administration Limited
cy,ccTLD,,,,,False,University of Cyprus
cymru,gTLD,,,,,False,Nominet UK
cyou,gTLD,,,,,False,Shortdot SA
cz,ccTLD,,,,,False,"CZ.NIC, z.s.p.o"
dabur,gTLD,,,,,False,Dabur India Limited
dad,gTLD,,,,,False,Charleston Road Registry Inc.
dance,gTLD,,,,,False,United TLD Holdco Ltd.
data,gTLD,,,,,False,Dish DBS Corporation
date,gTLD,,,,,False,dot Date Limited
dating,gTLD,,,,,False,"Binky Moon, LLC"
datsun,gTLD,,,,,False,"NISSAN MOTOR CO., LTD."
day,gTLD,,,,,False,Charleston Road Registry Inc.
dclk,gTLD,,,,,False,Charleston Road Registry Inc.
dds,gTLD,,,,,False,Minds + Machines Group Limited
de,ccTLD,,,,,False,DENIC eG
deal,gTLD,,,,,False,"Amazon Registry Services, Inc."
dealer,gTLD,,,,,False,Intercap Registry Inc.
deals,gTLD,,,,,False,"Binky Moon, LLC"
degree,gTLD,,,,,False,"United TLD Holdco, Ltd"
delivery,gTLD,,,,,False,"Binky Moon, LLC"
dell,gTLD,,,,,False,Dell Inc.
deloitte,gTLD,,,,,False,Deloitte Touche Tohmatsu
delta,gTLD,,,,,False,"Delta Air Lines, Inc."
democrat,gTLD,,,,,False,United TLD Holdco Ltd.
dental,gTLD,,,,,False,"Binky Moon, LLC"
dentist,gTLD,,,,,False,"United TLD Holdco, Ltd"
desi,gTLD,,,hindi for the peoples and cultures of south asia see also desi,,False,Desi Networks LLC
design,gTLD,,,,,False,"Top Level Design, LLC"
dev,gTLD,,,,,False,Charleston Road Registry Inc.
dhl,gTLD,,,,,False,Deutsche Post AG
diamonds,gTLD,,,,,False,"Binky Moon, LLC"
diet,gTLD,,,,,False,"Uniregistry, Corp."
digital,gTLD,,,,,False,"Binky Moon, LLC"
direct,gTLD,,,,,False,"Binky Moon, LLC"
directory,gTLD,,,,,False,"Binky Moon, LLC"
discount,gTLD,,,,,False,"Binky Moon, LLC"
discover,gTLD,,,,,False,Discover Financial Services
dish,gTLD,,,,,False,Dish DBS Corporation
diy,gTLD,,,,,False,"Lifestyle Domain Holdings, Inc."
dj,ccTLD,,,,,False,Djibouti Telecom S.A
dk,ccTLD,,,,,False,Dansk Internet Forum
dm,ccTLD,,,,,False,DotDM Corporation
dnp,gTLD,,,,,False,"Dai Nippon Printing Co., Ltd."
do,ccTLD,,,,,False,Pontificia Universidad Catolica Madre y Maestra Recinto Santo Tomas de Aquino
docs,gTLD,,,,,False,Charleston Road Registry Inc.
doctor,gTLD,,,,,False,"Binky Moon, LLC"
dodge,gTLD,,,,,False,Not assigned
dog,gTLD,,,,,False,"Binky Moon, LLC"
doha,gTLD,,,,,False,Not assigned
domains,gTLD,,,,,False,"Binky Moon, LLC"
doosan,gTLD,,,,,False,Retired
dot,gTLD,,,,,False,Dish DBS Corporation
download,gTLD,,,,,False,dot Support Limited
drive,gTLD,,,,,False,Charleston Road Registry Inc.
dtv,gTLD,,,,,False,Dish DBS Corporation
dubai,gTLD,,,,,False,Dubai Smart Government Department
duck,gTLD,,,,,False,"Johnson Shareholdings, Inc."
dunlop,gTLD,,,,,False,The Goodyear Tire & Rubber Company
duns,gTLD,,,,,False,Not assigned
dupont,gTLD,,,,,False,E. I. du Pont de Nemours and Company
durban,gTLD,,,,,False,ZA Central Registry NPC trading as ZA Central Registry
dvag,gTLD,,,,,False,Deutsche Vermögensberatung Aktiengesellschaft DVAG
dvr,gTLD,,,,,False,Hughes Satellite Systems Corporation
dz,ccTLD,,,,,False,CERIST
earth,gTLD,,,,,False,"Interlink Co., Ltd."
eat,gTLD,,,,,False,Charleston Road Registry Inc.
ec,ccTLD,,,,,False,ECUADORDOMAIN S.A.
eco,gTLD,,,,,False,Big Room Inc.
edeka,gTLD,,,,,False,EDEKA Verband kaufmännischer Genossenschaften e.V.
edu,sTLD,,,,,False,EDUCAUSE
education,gTLD,,,,,False,"Binky Moon, LLC"
ee,ccTLD,,,,,False,Eesti Interneti Sihtasutus (EIS)
eg,ccTLD,,,,,False,Egyptian Universities Network (EUN) Supreme Council of Universities
eh,ccTLD,,,,,False,Not assigned
email,gTLD,,,,,False,"Binky Moon, LLC"
emerck,gTLD,,,,,False,Merck KGaA
energy,gTLD,,,,,False,"Binky Moon, LLC"
engineer,gTLD,,,,,False,United TLD Holdco Ltd.
engineering,gTLD,,,,,False,"Binky Moon, LLC"
enterprises,gTLD,,,,,False,"Binky Moon, LLC"
epost,gTLD,,,e-mail,,False,Not assigned
epson,gTLD,,,,,False,Seiko Epson Corporation
equipment,gTLD,,,,,False,"Binky Moon, LLC"
er,ccTLD,,,,,False,Eritrea Telecommunication Services Corporation (EriTel)
ericsson,gTLD,,,,,False,Telefonaktiebolaget L M Ericsson
erni,gTLD,,,,,False,ERNI Group Holding AG
es,ccTLD,,,,,False,Red.es
esq,gTLD,,,,,False,Charleston Road Registry Inc.
estate,gTLD,,,,,False,"Binky Moon, LLC"
esurance,gTLD,,,,,False,Not assigned
et,ccTLD,,,,,False,Ethio telecom
etisalat,gTLD,,,,,False,Emirates Telecommunications Corporation (trading as Etisalat)
eu,ccTLD,,,,,False,EURid vzw/asbl
eurovision,gTLD,,,,,False,European Broadcasting Union (EBU)
eus,gTLD,,,,,False,Puntueus Fundazioa
events,gTLD,,,,,False,"Binky Moon, LLC"
everbank,gTLD,,,,,False,Not assigned
exchange,gTLD,,,,,False,"Binky Moon, LLC"
expert,gTLD,,,,,False,"Binky Moon, LLC"
exposed,gTLD,,,,,False,"Binky Moon, LLC"
express,gTLD,,,,,False,"Binky Moon, LLC"
extraspace,gTLD,,,,,False,Extra Space Storage LLC
fage,gTLD,,,,,False,Fage International S.A.
fail,gTLD,,,,,False,"Binky Moon, LLC"
fairwinds,gTLD,,,,,False,"FairWinds Partners, LLC"
faith,gTLD,,,,,False,dot Faith Limited
family,gTLD,,,,,False,United TLD Holdco Ltd.
fan,gTLD,,,,,False,Asiamix Digital Ltd
fans,gTLD,,,,,False,ZDNS International Limited
farm,gTLD,,,,,False,"Binky Moon, LLC"
farmers,gTLD,,,,,False,Farmers Insurance Exchange
fashion,gTLD,,,,,False,Minds + Machines Group Limited
fast,gTLD,,,,,False,"Amazon Registry Services, Inc."
fedex,gTLD,,,,,False,Federal Express Corporation
feedback,gTLD,,,,,False,"Top Level Spectrum, Inc."
ferrari,gTLD,,,,,False,Fiat Chrysler Automobiles N.V.
ferrero,gTLD,,,,,False,Ferrero Trading Lux S.A.
fi,ccTLD,,,,,False,Finnish Transport and Communications Agency Traficom
fiat,gTLD,,,,,False,Fiat Chrysler Automobiles N.V.
fidelity,gTLD,,,,,False,Fidelity Brokerage Services LLC
fido,gTLD,,,,,False,Rogers Communications Canada Inc.
film,gTLD,,,,,False,Motion Picture Domain Registry Pty Ltd
final,gTLD,,,,,False,Núcleo de Informação e Coordenação do Ponto BR - NIC.br
finance,gTLD,,,,,False,"Binky Moon, LLC"
financial,gTLD,,,,,False,"Binky Moon, LLC"
fire,gTLD,,,,,False,"Amazon Registry Services, Inc."
firestone,gTLD,,,,,False,"Bridgestone Licensing Services, Inc."
firmdale,gTLD,,,,,False,Firmdale Holdings Limited
fish,gTLD,,,,,False,"Binky Moon, LLC"
fishing,gTLD,,,,,False,Minds + Machines Group Limited
fit,gTLD,,,,,False,Minds + Machines Group Limited
fitness,gTLD,,,,,False,"Binky Moon, LLC"
fj,ccTLD,,,,,False,The University of the South Pacific IT Services
fk,ccTLD,,,,,False,Falkland Islands Government
flickr,gTLD,,,,,False,"Flickr, Inc."
flights,gTLD,,,,,False,"Binky Moon, LLC"
flir,gTLD,,,,,False,"FLIR Systems, Inc."
florist,gTLD,,,,,False,"Binky Moon, LLC"
flowers,gTLD,,,,,False,"Uniregistry, Corp."
flsmidth,gTLD,,,,,False,Retired
fly,gTLD,,,,,False,Charleston Road Registry Inc.
fm,ccTLD,,,,,False,FSM Telecommunications Corporation
fo,ccTLD,,,,,False,FO Council
foo,gTLD,,,,,False,Charleston Road Registry Inc.
food,gTLD,,,,,False,"Lifestyle Domain Holdings, Inc."
foodnetwork,gTLD,,,,,False,"Lifestyle Domain Holdings, Inc."
football,gTLD,,,,,False,"Binky Moon, LLC"
ford,gTLD,,,,,False,Ford Motor Company
forex,gTLD,,,,,False,DOTFOREX REGISTRY LTD
forsale,gTLD,,,,,False,"United TLD Holdco, LLC"
forum,gTLD,,,,,False,"Fegistry, LLC"
foundation,gTLD,,,,,False,"Binky Moon, LLC"
fox,gTLD,,,,,False,"FOX Registry, LLC"
fr,ccTLD,,,,,False,Association Française pour le Nommage Internet en Coopération (A.F.N.I.C.)
free,gTLD,,,,,False,"Amazon Registry Services, Inc."
fresenius,gTLD,,,,,False,Fresenius Immobilien-Verwaltungs-GmbH
frl,gTLD,,,,,False,FRLregistry B.V.
frogans,gTLD,,,,,False,OP3FT
frontdoor,gTLD,,,,,False,"Lifestyle Domain Holdings, Inc."
frontier,gTLD,,,,,False,Frontier Communications Corporation
ftr,gTLD,,,,,False,Frontier Communications Corporation
fujitsu,gTLD,,,,,False,Fujitsu Limited
fujixerox,gTLD,,,,,False,Xerox DNHC LLC
fun,gTLD,,,,,False,"DotSpace, Inc."
fund,gTLD,,,,,False,"Binky Moon, LLC"
furniture,gTLD,,,,,False,"Binky Moon, LLC"
futbol,gTLD,,,soccer,,False,"United TLD Holdco, Ltd."
fyi,gTLD,,,,,False,"Binky Moon, LLC"
ga,ccTLD,,,,,False,Agence Nationale des Infrastructures Numériques et des Fréquences (ANINF)
gal,gTLD,,,,,False,Asociación puntoGAL
gallery,gTLD,,,,,False,"Binky Moon, LLC"
gallo,gTLD,,,,,False,"Gallo Vineyards, Inc."
gallup,gTLD,,,,,False,"Gallup, Inc."
game,gTLD,,,,,False,"Uniregistry, Corp."
games,gTLD,,,,,False,United TLD Holdco Ltd.
gap,gTLD,,,,,False,"The Gap, Inc."
garden,gTLD,,,,,False,Minds + Machines Group Limited
gay,gTLD,,,,,False,"Top Level Design, LLC"
gb,ccTLD,,,,,False,Reserved Domain - IANA
gbiz,gTLD,,,,,False,Charleston Road Registry Inc.
gd,ccTLD,,,,,False,The National Telecommunications Regulatory Commission (NTRC)
gdn,gTLD,,,,,False,"Joint Stock Company ""Navigation-information systems"""
ge,ccTLD,,,,,False,Caucasus Online LLC
gea,gTLD,,,,,False,GEA Group Aktiengesellschaft
gent,gTLD,,,,,False,Combell nv
genting,gTLD,,,,,False,Resorts World Inc. Pte. Ltd.
george,gTLD,,,,,False,"Wal-Mart Stores, Inc."
gf,ccTLD,,,,,False,Net Plus
gg,ccTLD,,,,,False,Island Networks Ltd.
ggee,gTLD,,,,,False,"GMO Internet, Inc."
gh,ccTLD,,,,,False,Network Computer Systems Limited
gi,ccTLD,,,,,False,Sapphire Networks
gift,gTLD,,,,,False,"Uniregistry, Corp."
gifts,gTLD,,,,,False,"Binky Moon, LLC"
gives,gTLD,,,,,False,United TLD Holdco Ltd.
giving,gTLD,,,,,False,Giving Limited
gl,ccTLD,,,,,False,TELE Greenland A/S
glade,gTLD,,,,,False,"Johnson Shareholdings, Inc."
glass,gTLD,,,,,False,"Binky Moon, LLC"
gle,gTLD,,,,,False,Charleston Road Registry Inc.
global,gTLD,,,,,False,Dot Global Domain Registry Limited
globo,gTLD,,,,,False,Globo Comunicação e Participações S.A
gm,ccTLD,,,,,False,GM-NIC
gmail,gTLD,,,,,False,Charleston Road Registry Inc.
gmbh,gTLD,,,company,,False,"Binky Moon, LLC"
gmo,gTLD,,,,,False,"GMO Internet, Inc."
gmx,gTLD,,,,,False,1&1 Mail & Media GmbH
gn,ccTLD,,,,,False,Centre National des Sciences Halieutiques de Boussoura
godaddy,gTLD,,,,,False,"Go Daddy East, LLC"
gold,gTLD,,,,,False,"Binky Moon, LLC"
goldpoint,gTLD,,,,,False,"YODOBASHI CAMERA CO.,LTD."
golf,gTLD,,,,,False,"Binky Moon, LLC"
goo,gTLD,,,,,False,NTT Resonant Inc.
goodhands,gTLD,,,,,False,Not assigned
goodyear,gTLD,,,,,False,The Goodyear Tire & Rubber Company
goog,gTLD,,,,,False,Charleston Road Registry Inc.
google,gTLD,,,,,False,Charleston Road Registry Inc.
gop,gTLD,,,,,False,"Republican State Leadership Committee, Inc."
got,gTLD,,,,,False,"Amazon Registry Services, Inc."
gov,sTLD,,,,,False,"General Services Administration Attn: QTDC, 2E08 (.gov Domain Registration)"
gp,ccTLD,,,,,False,Networking Technologies Group
gq,ccTLD,,,,,False,GETESA
gr,ccTLD,,,,,False,ICS-FORTH GR
grainger,gTLD,,,,,False,"Grainger Registry Services, LLC"
graphics,gTLD,,,,,False,"Binky Moon, LLC"
gratis,gTLD,,,free,,False,"Binky Moon, LLC"
green,gTLD,,,,,False,Afilias Limited
gripe,gTLD,,,,,False,"Binky Moon, LLC"
grocery,gTLD,,,,,False,"Wal-Mart Stores, Inc."
group,gTLD,,,,,False,"Binky Moon, LLC"
gs,ccTLD,,,,,False,Government of South Georgia and South Sandwich Islands (GSGSSI)
gt,ccTLD,,,,,False,Universidad del Valle de Guatemala
gu,ccTLD,,,,,False,University of Guam
guardian,gTLD,,,,,False,The Guardian Life Insurance Company of America
gucci,gTLD,,,,,False,Guccio Gucci S.p.a.
guge,gTLD,,,,,False,Charleston Road Registry Inc.
guide,gTLD,,,,,False,"Binky Moon, LLC"
guitars,gTLD,,,,,False,"Uniregistry, Corp."
guru,gTLD,,,,,False,"Binky Moon, LLC"
gw,ccTLD,,,,,False,Autoridade Reguladora Nacional - Tecnologias de Informação e Comunicação da Guiné-Bissau
gy,ccTLD,,,,,False,University of Guyana
hair,gTLD,,,,,False,XYZ.COM LLC
hamburg,gTLD,,,,,False,Hamburg Top-Level-Domain GmbH
hangout,gTLD,,,,,False,Charleston Road Registry Inc.
haus,gTLD,,,house,,False,"United TLD Holdco, LTD."
hbo,gTLD,,,,,False,"HBO Registry Services, Inc."
hdfc,gTLD,,,,,False,HOUSING DEVELOPMENT FINANCE CORPORATION LIMITED
hdfcbank,gTLD,,,,,False,HDFC Bank Limited
health,gTLD,,,,,False,"DotHealth, LLC"
healthcare,gTLD,,,,,False,"Binky Moon, LLC"
help,gTLD,,,,,False,"Uniregistry, Corp."
helsinki,gTLD,,,,,False,City of Helsinki
here,gTLD,,,,,False,Charleston Road Registry Inc.
hermes,gTLD,,,,,False,Hermes International
hgtv,gTLD,,,,,False,"Lifestyle Domain Holdings, Inc."
hiphop,gTLD,,,,,False,"Uniregistry, Corp."
hisamitsu,gTLD,,,,,False,"Hisamitsu Pharmaceutical Co.,Inc."
hitachi,gTLD,,,,,False,"Hitachi, Ltd."
hiv,gTLD,,,,,False,"Uniregistry, Corp."
hk,ccTLD,,,,,False,Hong Kong Internet Registration Corporation Ltd.
hkt,gTLD,,,,,False,PCCW-HKT DataCom Services Limited
hm,ccTLD,,,,,False,HM Domain Registry
hn,ccTLD,,,,,False,Red de Desarrollo Sostenible Honduras
hockey,gTLD,,,,,False,"Binky Moon, LLC"
holdings,gTLD,,,,,False,"Binky Moon, LLC"
holiday,gTLD,,,,,False,"Binky Moon, LLC"
homedepot,gTLD,,,,,False,"Home Depot Product Authority, LLC"
homegoods,gTLD,,,,,False,"The TJX Companies, Inc."
homes,gTLD,,,,,False,"DERHomes, LLC"
homesense,gTLD,,,,,False,"The TJX Companies, Inc."
honda,gTLD,,,,,False,"Honda Motor Co., Ltd."
honeywell,gTLD,,,,,False,Not assigned
horse,gTLD,,,,,False,Minds + Machines Group Limited
hospital,gTLD,,,,,False,"Binky Moon, LLC"
host,gTLD,,,,,False,DotHost Inc.
hosting,gTLD,,,,,False,"Uniregistry, Corp."
hot,gTLD,,,,,False,"Amazon Registry Services, Inc."
hoteles,gTLD,,,hotels,,False,Travel Reservations SRL
hotels,gTLD,,,,,False,Booking.com B.V.
hotmail,gTLD,,,,,False,Microsoft Corporation
house,gTLD,,,,,False,"Binky Moon, LLC"
how,gTLD,,,,,False,Charleston Road Registry Inc.
hr,ccTLD,,,,,False,CARNet - Croatian Academic and Research Network
hsbc,gTLD,,,,,False,HSBC Global Services (UK) Limited
ht,ccTLD,,,,,False,Consortium FDS/RDDH
htc,gTLD,,,,,False,Not assigned
hu,ccTLD,,,,,False,Council of Hungarian Internet Providers (CHIP)
hughes,gTLD,,,,,False,Hughes Satellite Systems Corporation
hyatt,gTLD,,,,,False,"Hyatt GTLD, L.L.C."
hyundai,gTLD,,,,,False,Hyundai Motor Company
ibm,gTLD,,,,,False,International Business Machines Corporation
icbc,gTLD,,,,,False,Industrial and Commercial Bank of China Limited
ice,gTLD,,,,,False,"IntercontinentalExchange, Inc."
icu,gTLD,,,,,False,Shortdot SA
id,ccTLD,,,,,False,Perkumpulan Pengelola Nama Domain Internet Indonesia (PANDI)
ie,ccTLD,,,,,False,University College Dublin Computing Services Computer Centre
ieee,gTLD,,,,,False,IEEE Global LLC
ifm,gTLD,,,,,False,ifm electronic gmbh
iinet,gTLD,,,,,False,Retired
ikano,gTLD,,,,,False,Ikano S.A.
il,ccTLD,,,,,False,Internet Society of Israel
im,ccTLD,,,,,False,Isle of Man Government
imamat,gTLD,,,,,False,Fondation Aga Khan (Aga Khan Foundation)
imdb,gTLD,,,,,False,"Amazon Registry Services, Inc."
immo,gTLD,,,real estate,,False,"Binky Moon, LLC"
immobilien,gTLD,,,real estate,,False,United TLD Holdco Ltd.
in,ccTLD,,,,,False,National Internet Exchange of India
inc,gTLD,,,,,False,Intercap Registry Inc.
industries,gTLD,,,,,False,"Binky Moon, LLC"
infiniti,gTLD,,,,,False,"NISSAN MOTOR CO., LTD."
info,gTLD,,,,,False,Afilias Limited
ing,gTLD,,,,,False,Charleston Road Registry Inc.
ink,gTLD,,,,,False,"Top Level Design, LLC"
institute,gTLD,,,,,False,"Binky Moon, LLC"
insurance,gTLD,,,,,False,fTLD Registry Services LLC
insure,gTLD,,,,,False,"Binky Moon, LLC"
int,sTLD,,,,,False,Internet Assigned Numbers Authority
intel,gTLD,,,,,False,Not assigned
international,gTLD,,,,,False,"Binky Moon, LLC"
intuit,gTLD,,,,,False,"Intuit Administrative Services, Inc."
investments,gTLD,,,,,False,"Binky Moon, LLC"
io,ccTLD,,,,,False,Internet Computer Bureau Limited
ipiranga,gTLD,,,,,False,Ipiranga Produtos de Petroleo S.A.
iq,ccTLD,,,,,False,Communications and Media Commission (CMC)
ir,ccTLD,,,,,False,Institute for Research in Fundamental Sciences
irish,gTLD,,,,,False,"Binky Moon, LLC"
is,ccTLD,,,,,False,ISNIC - Internet Iceland ltd.
iselect,gTLD,,,,,False,Not assigned
ismaili,gTLD,,,,,False,Fondation Aga Khan (Aga Khan Foundation)
ist,gTLD,,,,,False,Istanbul Metropolitan Municipality
istanbul,gTLD,,,,,False,Istanbul Metropolitan Municipality
it,ccTLD,,,,,False,IIT - CNR
itau,gTLD,,,,,False,Itau Unibanco Holding S.A.
itv,gTLD,,,,,False,ITV Services Limited
iveco,gTLD,,,,,False,CNH Industrial N.V.
iwc,gTLD,,,,,False,Not assigned
jaguar,gTLD,,,,,False,Jaguar Land Rover Ltd
java,gTLD,,,,,False,Oracle Corporation
jcb,gTLD,,,,,False,"JCB Co., Ltd."
jcp,gTLD,,,,,False,"JCP Media, Inc."
je,ccTLD,,,,,False,Island Networks (Jersey) Ltd.
jeep,gTLD,,,,,False,FCA US LLC.
jetzt,gTLD,,,now,,False,"Binky Moon, LLC"
jewelry,gTLD,,,,,False,"Binky Moon, LLC"
jio,gTLD,,,,,False,"Affinity Names, Inc."
jlc,gTLD,,,,,False,Not assigned
jll,gTLD,,,,,False,Jones Lang LaSalle Incorporated
jm,ccTLD,,,,,False,University of West Indies
jmp,gTLD,,,,,False,Matrix IP LLC
jnj,gTLD,,,,,False,"Johnson & Johnson Services, Inc."
jo,ccTLD,,,,,False,National Information Technology Center (NITC)
jobs,sTLD,,,,,False,Employ Media LLC
joburg,gTLD,,,,,False,ZA Central Registry NPC trading as ZA Central Registry
jot,gTLD,,,,,False,"Amazon Registry Services, Inc."
joy,gTLD,,,,,False,"Amazon Registry Services, Inc."
jp,ccTLD,,,,,False,"Japan Registry Services Co., Ltd."
jpmorgan,gTLD,,,,,False,"JPMorgan Chase Bank, National Association"
jprs,gTLD,,,,,False,"Japan Registry Services Co., Ltd."
juegos,gTLD,,,games,,False,"Uniregistry, Corp."
juniper,gTLD,,,,,False,"JUNIPER NETWORKS, INC."
kaufen,gTLD,,,buy,,False,United TLD Holdco Ltd.
kddi,gTLD,,,,,False,KDDI CORPORATION
ke,ccTLD,,,,,False,Kenya Network Information Center (KeNIC)
kerryhotels,gTLD,,,,,False,Kerry Trading Co. Limited
kerrylogistics,gTLD,,,,,False,Kerry Trading Co. Limited
kerryproperties,gTLD,,,,,False,Kerry Trading Co. Limited
kfh,gTLD,,,,,False,Kuwait Finance House
kg,ccTLD,,,,,False,AsiaInfo Telecommunication Enterprise
kh,ccTLD,,,,,False,Telecommunication Regulator of Cambodia (TRC)
ki,ccTLD,,,,,False,"Ministry of Communications, Transport, and Tourism Development"
kia,gTLD,,,,,False,KIA MOTORS CORPORATION
kim,gTLD,,,,,False,Afilias Limited
kinder,gTLD,,,children,,False,Ferrero Trading Lux S.A.
kindle,gTLD,,,,,False,"Amazon Registry Services, Inc."
kitchen,gTLD,,,,,False,"Binky Moon, LLC"
kiwi,gTLD,,,,,False,DOT KIWI LIMITED
km,ccTLD,,,,,False,Comores Telecom
kn,ccTLD,,,,,False,"Ministry of Finance, Sustainable Development Information & Technology"
koeln,gTLD,,,,,False,dotKoeln GmbH
komatsu,gTLD,,,,,False,Komatsu Ltd.
kosher,gTLD,,,,,False,Kosher Marketing Assets LLC
kp,ccTLD,,,,,False,Star Joint Venture Company
kpmg,gTLD,,,,,False,KPMG International Cooperative (KPMG International Genossenschaft)
kpn,gTLD,,,,,False,Koninklijke KPN N.V.
kr,ccTLD,,,,,False,Korea Internet & Security Agency (KISA)
krd,gTLD,,,,,False,KRG Department of Information Technology
kred,gTLD,,,,,False,KredTLD Pty Ltd
kuokgroup,gTLD,,,,,False,Kerry Trading Co. Limited
kw,ccTLD,,,,,False,Communications and Information Technology Regulatory Authority
ky,ccTLD,,,,,False,Utility Regulation and Competition Office (OfReg)
kyoto,gTLD,,,,,False,Academic Institution: Kyoto Jyoho Gakuen
kz,ccTLD,,,,,False,Association of IT Companies of Kazakhstan
la,ccTLD,,,,,False,"Lao National Internet Committee (LANIC), Ministry of Posts and Telecommunications"
lacaixa,gTLD,,,,,False,CAIXA D'ESTALVIS I PENSIONS DE BARCELONA
ladbrokes,gTLD,,,,,False,Not assigned
lamborghini,gTLD,,,,,False,Automobili Lamborghini S.p.A.
lamer,gTLD,,,,,False,The Estée Lauder Companies Inc.
lancaster,gTLD,,,,,False,LANCASTER
lancia,gTLD,,,,,False,Fiat Chrysler Automobiles N.V.
lancome,gTLD,,,,,False,Not assigned
land,gTLD,,,,,False,"Binky Moon, LLC"
landrover,gTLD,,,,,False,Jaguar Land Rover Ltd
lanxess,gTLD,,,,,False,LANXESS Corporation
lasalle,gTLD,,,,,False,Jones Lang LaSalle Incorporated
lat,gTLD,,,,,False,ECOM-LAC Federación de Latinoamérica y el Caribe para Internet y el Comercio Electrónico
latino,gTLD,,,,,False,Dish DBS Corporation
latrobe,gTLD,,,,,False,La Trobe University
law,gTLD,,,,,False,LW TLD Limited
lawyer,gTLD,,,,,False,"United TLD Holdco, Ltd"
lb,ccTLD,,,,,False,American University of Beirut Computing and Networking Services
lc,ccTLD,,,,,False,University of Puerto Rico
lds,gTLD,,,,,False,"IRI Domain Management, LLC"
lease,gTLD,,,,,False,"Binky Moon, LLC"
leclerc,gTLD,,,,,False,A.C.D. LEC Association des Centres Distributeurs Edouard Leclerc
lefrak,gTLD,,,,,False,"LeFrak Organization, Inc."
legal,gTLD,,,,,False,"Binky Moon, LLC"
lego,gTLD,,,,,False,LEGO Juris A/S
lexus,gTLD,,,,,False,TOYOTA MOTOR CORPORATION
lgbt,gTLD,,,,,False,Afilias Limited
li,ccTLD,,,,,False,SWITCH The Swiss Education & Research Network
liaison,gTLD,,,,,False,Not assigned
lidl,gTLD,,,,,False,Schwarz Domains und Services GmbH & Co. KG
life,gTLD,,,,,False,"Binky Moon, LLC"
lifeinsurance,gTLD,,,,,False,American Council of Life Insurers
lifestyle,gTLD,,,,,False,"Lifestyle Domain Holdings, Inc."
lighting,gTLD,,,,,False,"Binky Moon, LLC"
like,gTLD,,,,,False,"Amazon Registry Services, Inc."
lilly,gTLD,,,,,False,Eli Lilly and Company
limited,gTLD,,,,,False,"Binky Moon, LLC"
limo,gTLD,,,,,False,"Binky Moon, LLC"
lincoln,gTLD,,,,,False,Ford Motor Company
linde,gTLD,,,,,False,Linde Aktiengesellschaft
link,gTLD,,,,,False,"Uniregistry, Corp."
lipsy,gTLD,,,,,False,Lipsy Ltd
live,gTLD,,,,,False,United TLD Holdco Ltd.
living,gTLD,,,,,False,"Lifestyle Domain Holdings, Inc."
lixil,gTLD,,,,,False,LIXIL Group Corporation
lk,ccTLD,,,,,False,Council for Information Technology LK Domain Registrar
llc,gTLD,,,,,False,Afilias Limited
llp,gTLD,,,,,False,Dot Registry LLC
loan,gTLD,,,,,False,dot Loan Limited
loans,gTLD,,,,,False,"Binky Moon, LLC"
locker,gTLD,,,,,False,Dish DBS Corporation
locus,gTLD,,,,,False,Locus Analytics LLC
loft,gTLD,,,,,False,"Annco, Inc."
lol,gTLD,,,,,False,"Uniregistry, Corp."
london,gTLD,,,,,False,Dot London Domains Limited
lotte,gTLD,,,,,False,"Lotte Holdings Co., Ltd."
lotto,gTLD,,,,,False,Afilias Limited
love,gTLD,,,,,False,Merchant Law Group LLP
lpl,gTLD,,,,,False,"LPL Holdings, Inc."
lplfinancial,gTLD,,,,,False,"LPL Holdings, Inc."
lr,ccTLD,,,,,False,"Data Technology Solutions, Inc."
ls,ccTLD,,,,,False,Lesotho Network Information Centre Proprietary (LSNIC)
lt,ccTLD,,,,,False,Kaunas University of Technology
ltd,gTLD,,,,,False,"Binky Moon, LLC"
ltda,gTLD,,,companies in south america,,False,InterNetX Corp.
lu,ccTLD,,,,,False,RESTENA
lundbeck,gTLD,,,,,False,H. Lundbeck A/S
lupin,gTLD,,,,,False,LUPIN LIMITED
luxe,gTLD,,,,,False,Minds + Machines Group Limited
luxury,gTLD,,,,,False,Luxury Partners LLC
lv,ccTLD,,,,,False,University of Latvia Institute of Mathematics and Computer Science Department of Network Solutions (DNS)
ly,ccTLD,,,,,False,General Post and Telecommunication Company
ma,ccTLD,,,,,False,Agence Nationale de Réglementation des Télécommunications (ANRT)
macys,gTLD,,,,,False,"Macys, Inc."
madrid,gTLD,,,,,False,Comunidad de Madrid
maif,gTLD,,,,,False,Mutuelle Assurance Instituteur France (MAIF)
maison,gTLD,,,house,,False,"Binky Moon, LLC"
makeup,gTLD,,,,,False,XYZ.COM LLC
man,gTLD,,,,,False,MAN SE
management,gTLD,,,,,False,"Binky Moon, LLC"
mango,gTLD,,,,,False,PUNTO FA S.L.
map,gTLD,,,,,False,Charleston Road Registry Inc.
market,gTLD,,,,,False,"United TLD Holdco, Ltd"
marketing,gTLD,,,,,False,"Binky Moon, LLC"
markets,gTLD,,,,,False,DOTMARKETS REGISTRY LTD
marriott,gTLD,,,,,False,Marriott Worldwide Corporation
marshalls,gTLD,,,,,False,"The TJX Companies, Inc."
maserati,gTLD,,,,,False,Fiat Chrysler Automobiles N.V.
mattel,gTLD,,,,,False,"Mattel Sites, Inc."
mba,gTLD,,,,,False,"Binky Moon, LLC"
mc,ccTLD,,,,,False,Gouvernement de Monaco Direction des Communications Electroniques
mcd,gTLD,,,,,False,Not assigned
mcdonalds,gTLD,,,,,False,Not assigned
mckinsey,gTLD,,,,,False,"McKinsey Holdings, Inc."
md,ccTLD,,,,,False,MoldData S.E.
me,ccTLD,,,,,False,Government of Montenegro
med,gTLD,,,,,False,Medistry LLC
media,gTLD,,,,,False,"Binky Moon, LLC"
meet,gTLD,,,,,False,Charleston Road Registry Inc.
melbourne,gTLD,,,,,False,"The Crown in right of the State of Victoria, represented by its Department of State Development, Business and Innovation"
meme,gTLD,,,,,False,Charleston Road Registry Inc.
memorial,gTLD,,,,,False,"Dog Beach, LLC"
men,gTLD,,,,,False,Exclusive Registry Limited
menu,gTLD,,,,,False,"Wedding TLD2, LLC"
meo,gTLD,,,,,False,Not assigned
merckmsd,gTLD,,,,,False,"MSD Registry Holdings, Inc."
metlife,gTLD,,,,,False,Not assigned
mf,ccTLD,,,,,False,Not assigned
mg,ccTLD,,,,,False,NIC-MG (Network Information Center Madagascar)
mh,ccTLD,,,,,False,Office of the Cabinet
miami,gTLD,,,,,False,Minds + Machines Group Limited
microsoft,gTLD,,,,,False,Microsoft Corporation
mil,sTLD,,,,,False,DoD Network Information Center
mini,gTLD,,,,,False,Bayerische Motoren Werke Aktiengesellschaft
mint,gTLD,,,,,False,"Intuit Administrative Services, Inc."
mit,gTLD,,,,,False,Massachusetts Institute of Technology
mitsubishi,gTLD,,,,,False,Mitsubishi Corporation
mk,ccTLD,,,,,False,Macedonian Academic Research Network Skopje
ml,ccTLD,,,,,False,Agence des Technologies de l’Information et de la Communication
mlb,gTLD,,,,,False,"MLB Advanced Media DH, LLC"
mls,gTLD,,,,,False,The Canadian Real Estate Association
mm,ccTLD,,,,,False,Ministry of Transport and Communications
mma,gTLD,,,,,False,MMA IARD
mn,ccTLD,,,,,False,"Datacom Co., Ltd."
mo,ccTLD,,,,,False,Macao Post and Telecommunications Bureau (CTT)
mobi,gTLD,,,,,False,Afilias Technologies Limited dba dotMobi
mobile,gTLD,,,,,False,Dish DBS Corporation
mobily,gTLD,,,,,False,Not assigned
moda,gTLD,,,fashion,,False,United TLD Holdco Ltd.
moe,gTLD,,,geek,,False,"Interlink Co., Ltd."
moi,gTLD,,,,,False,"Amazon Registry Services, Inc."
mom,gTLD,,,,,False,"Uniregistry, Corp."
monash,gTLD,,,,,False,Monash University
money,gTLD,,,,,False,"Binky Moon, LLC"
monster,gTLD,,,,,False,XYZ.COM LLC
montblanc,gTLD,,,,,False,Not assigned
mopar,gTLD,,,,,False,Not assigned
mormon,gTLD,,,,,False,"IRI Domain Management, LLC (""Applicant"")"
mortgage,gTLD,,,,,False,"United TLD Holdco, Ltd"
moscow,gTLD,,,,,False,Foundation for Assistance for Internet Technologies and Infrastructure Development (FAITID)
moto,gTLD,,,,,False,"Motorola Trademark Holdings, LLC"
motorcycles,gTLD,,,,,False,"DERMotorcycles, LLC"
mov,gTLD,,,,,False,Charleston Road Registry Inc.
movie,gTLD,,,,,False,"Binky Moon, LLC"
movistar,gTLD,,,,,False,Not assigned
mp,ccTLD,,,,,False,"Saipan Datacom, Inc."
mq,ccTLD,,,,,False,MEDIASERV
mr,ccTLD,,,,,False,Université de Nouakchott Al Aasriya
ms,ccTLD,,,,,False,MNI Networks Ltd.
msd,gTLD,,,,,False,"MSD Registry Holdings, Inc."
mt,ccTLD,,,,,False,NIC (Malta)
mtn,gTLD,,,,,False,MTN Dubai Limited
mtpc,gTLD,,,,,False,Retired
mtr,gTLD,,,,,False,MTR Corporation Limited
mu,ccTLD,,,,,False,Internet Direct Ltd
museum,sTLD,,,,,False,Museum Domain Management Association
mutual,gTLD,,,,,False,"Northwestern Mutual MU TLD Registry, LLC"
mutuelle,gTLD,,,,,False,Retired
mv,ccTLD,,,,,False,Dhiraagu Pvt. Ltd. (DHIVEHINET)
mw,ccTLD,,,,,False,Malawi Sustainable Development Network Programme (Malawi SDNP)
mx,ccTLD,,,,,False,NIC-Mexico ITESM - Campus Monterrey
my,ccTLD,,,,,False,MYNIC Berhad
mz,ccTLD,,,,,False,Centro de Informatica de Universidade Eduardo Mondlane
na,ccTLD,,,,,False,Namibian Network Information Center
nab,gTLD,,,,,False,National Australia Bank Limited
nadex,gTLD,,,,,False,Not assigned
nagoya,gTLD,,,,,False,"GMO Registry, Inc."
name,grTLD,,,,,False,"VeriSign Information Services, Inc."
nationwide,gTLD,,,,,False,Nationwide Mutual Insurance Company
natura,gTLD,,,,,False,NATURA COSMÉTICOS S.A.
navy,gTLD,,,,,False,United TLD Holdco Ltd.
nba,gTLD,,,,,False,"NBA REGISTRY, LLC"
nc,ccTLD,,,,,False,Office des Postes et Telecommunications
ne,ccTLD,,,,,False,SONITEL
nec,gTLD,,,,,False,NEC Corporation
net,gTLD,,,,,False,VeriSign Global Registry Services
netbank,gTLD,,,,,False,COMMONWEALTH BANK OF AUSTRALIA
netflix,gTLD,,,,,False,"Netflix, Inc."
network,gTLD,,,,,False,"Binky Moon, LLC"
neustar,gTLD,,,,,False,"NeuStar, Inc."
new,gTLD,,,,,False,Charleston Road Registry Inc.
newholland,gTLD,,,,,False,CNH Industrial N.V.
news,gTLD,,,,,False,United TLD Holdco Ltd.
next,gTLD,,,,,False,Next plc
nextdirect,gTLD,,,,,False,Next plc
nexus,gTLD,,,,,False,Charleston Road Registry Inc.
nf,ccTLD,,,,,False,Norfolk Island Data Services
nfl,gTLD,,,,,False,NFL Reg Ops LLC
ng,ccTLD,,,,,False,Nigeria Internet Registration Association
ngo,gTLD,,,,,False,Public Interest Registry
nhk,gTLD,,,,,False,Japan Broadcasting Corporation (NHK)
ni,ccTLD,,,,,False,Universidad Nacional del Ingernieria Centro de Computo
nico,gTLD,,,,,False,"DWANGO Co., Ltd."
nike,gTLD,,,,,False,"NIKE, Inc."
nikon,gTLD,,,,,False,NIKON CORPORATION
ninja,gTLD,,,,,False,United TLD Holdco Ltd.
nissan,gTLD,,,,,False,"NISSAN MOTOR CO., LTD."
nissay,gTLD,,,,,False,Nippon Life Insurance Company
nl,ccTLD,,,,,False,SIDN (Stichting Internet Domeinregistratie Nederland)
no,ccTLD,,,,,False,Norid A/S
nokia,gTLD,,,,,False,Nokia Corporation
northwesternmutual,gTLD,,,,,False,"Northwestern Mutual Registry, LLC"
norton,gTLD,,,,,False,Symantec Corporation
now,gTLD,,,,,False,"Amazon Registry Services, Inc."
nowruz,gTLD,,,,,False,Asia Green IT System Bilgisayar San. ve Tic. Ltd. Sti.
nowtv,gTLD,,,,,False,Starbucks (HK) Limited
np,ccTLD,,,,,False,Mercantile Communications Pvt. Ltd.
nr,ccTLD,,,,,False,CENPAC NET
nra,gTLD,,,,,False,"NRA Holdings Company, INC."
nrw,gTLD,,,,,False,Minds + Machines GmbH
ntt,gTLD,,,,,False,NIPPON TELEGRAPH AND TELEPHONE CORPORATION
nu,ccTLD,,,,,False,The IUSN Foundation
nyc,gTLD,,,,,False,The City of New York by and through the New York City Department of Information Technology & Telecommunications
nz,ccTLD,,,,,False,InternetNZ
obi,gTLD,,,,,False,OBI Group Holding SE & Co. KGaA
observer,gTLD,,,,,False,"Top Level Spectrum, Inc."
off,gTLD,,,,,False,"Johnson Shareholdings, Inc."
office,gTLD,,,,,False,Microsoft Corporation
okinawa,gTLD,,,,,False,"BRregistry, Inc."
olayan,gTLD,,,,,False,Crescent Holding GmbH
olayangroup,gTLD,,,,,False,Crescent Holding GmbH
oldnavy,gTLD,,,,,False,"The Gap, Inc."
ollo,gTLD,,,,,False,Dish DBS Corporation
om,ccTLD,,,,,False,Telecommunications Regulatory Authority (TRA)
omega,gTLD,,,,,False,The Swatch Group Ltd
one,gTLD,,,,,False,One.com A/S
ong,gTLD,,,,,False,Public Interest Registry
onl,gTLD,,,,,False,iRegistry GmbH
online,gTLD,,,,,False,DotOnline Inc.
onyourside,gTLD,,,,,False,Nationwide Mutual Insurance Company
ooo,gTLD,,,,,False,INFIBEAM INCORPORATION LIMITED
open,gTLD,,,,,False,"American Express Travel Related Services Company, Inc."
oracle,gTLD,,,,,False,Oracle Corporation
orange,gTLD,,,,,False,Orange Brand Services Limited
org,gTLD,,,,,False,Public Interest Registry (PIR)
organic,gTLD,,,,,False,Afilias Limited
orientexpress,gTLD,,,,,False,Retired
origins,gTLD,,,,,False,The Estée Lauder Companies Inc.
osaka,gTLD,,,,,False,"Osaka Registry Co., Ltd."
otsuka,gTLD,,,,,False,"Otsuka Holdings Co., Ltd."
ott,gTLD,,,,,False,Dish DBS Corporation
ovh,gTLD,,,,,False,OVH SAS
pa,ccTLD,,,,,False,Universidad Tecnologica de Panama
page,gTLD,,,,,False,Charleston Road Registry Inc.
pamperedchef,gTLD,,,,,False,Not assigned
panasonic,gTLD,,,,,False,Panasonic Corporation
panerai,gTLD,,,,,False,Not assigned
paris,gTLD,,,,,False,City of Paris
pars,gTLD,,,,,False,Asia Green IT System Bilgisayar San. ve Tic. Ltd. Sti.
partners,gTLD,,,,,False,"Binky Moon, LLC"
parts,gTLD,,,,,False,"Binky Moon, LLC"
party,gTLD,,,,,False,Blue Sky Registry Limited
passagens,gTLD,,,ticket,,False,Travel Reservations SRL
pay,gTLD,,,,,False,"Amazon Registry Services, Inc."
pccw,gTLD,,,,,False,PCCW Enterprises Limited
pe,ccTLD,,,,,False,Red Cientifica Peruana
pet,gTLD,,,,,False,Afilias Limited
pf,ccTLD,,,,,False,Gouvernement de la Polynésie française
pfizer,gTLD,,,,,False,Pfizer Inc.
pg,ccTLD,,,,,False,PNG DNS Administration Vice Chancellors Office The Papua New Guinea University of Technology
ph,ccTLD,,,,,False,PH Domain Foundation
pharmacy,gTLD,,,,,False,National Association of Boards of Pharmacy
phd,gTLD,,,,,False,Charleston Road Registry Inc.
philips,gTLD,,,,,False,Koninklijke Philips N.V.
phone,gTLD,,,,,False,Dish DBS Corporation
photo,gTLD,,,,,False,"Uniregistry, Corp."
photography,gTLD,,,,,False,"Binky Moon, LLC"
photos,gTLD,,,,,False,"Binky Moon, LLC"
physio,gTLD,,,,,False,PhysBiz Pty Ltd
piaget,gTLD,,,,,False,Not assigned
pics,gTLD,,,,,False,"Uniregistry, Corp."
pictet,gTLD,,,,,False,Pictet Europe S.A.
pictures,gTLD,,,,,False,"Binky Moon, LLC"
pid,gTLD,,,,,False,"Top Level Spectrum, Inc."
pin,gTLD,,,,,False,"Amazon Registry Services, Inc."
ping,gTLD,,,,,False,"Ping Registry Provider, Inc."
pink,gTLD,,,,,False,Afilias Limited
pioneer,gTLD,,,,,False,Pioneer Corporation
pizza,gTLD,,,,,False,"Binky Moon, LLC"
pk,ccTLD,,,,,False,PKNIC
pl,ccTLD,,,,,False,Research and Academic Computer Network
place,gTLD,,,,,False,"Binky Moon, LLC"
play,gTLD,,,,,False,Charleston Road Registry Inc.
playstation,gTLD,,,,,False,Sony Computer Entertainment Inc.
plumbing,gTLD,,,,,False,"Binky Moon, LLC"
plus,gTLD,,,,,False,"Binky Moon, LLC"
pm,ccTLD,,,,,False,Association Française pour le Nommage Internet en Coopération (A.F.N.I.C.)
pn,ccTLD,,,,,False,Pitcairn Island Administration
pnc,gTLD,,,,,False,"PNC Domain Co., LLC"
pohl,gTLD,,,,,False,Deutsche Vermögensberatung Aktiengesellschaft DVAG
poker,gTLD,,,,,False,Afilias Limited
politie,gTLD,,,,,False,Politie Nederland
porn,gTLD,,,,,False,ICM Registry PN LLC
post,sTLD,,,,,False,Universal Postal Union
pr,ccTLD,,,,,False,Gauss Research Laboratory Inc.
pramerica,gTLD,,,,,False,"Prudential Financial, Inc."
praxi,gTLD,,,,,False,Praxi S.p.A.
press,gTLD,,,,,False,DotPress Inc.
prime,gTLD,,,,,False,"Amazon Registry Services, Inc."
pro,grTLD,,,,,False,Afilias Limited
prod,gTLD,,,,,False,Charleston Road Registry Inc.
productions,gTLD,,,,,False,"Binky Moon, LLC"
prof,gTLD,,,,,False,Charleston Road Registry Inc.
progressive,gTLD,,,,,False,Progressive Casualty Insurance Company
promo,gTLD,,,,,False,Afilias Limited
properties,gTLD,,,,,False,"Binky Moon, LLC"
property,gTLD,,,,,False,"Uniregistry, Corp."
protection,gTLD,,,,,False,XYZ.COM LLC
pru,gTLD,,,,,False,"Prudential Financial, Inc."
prudential,gTLD,,,,,False,"Prudential Financial, Inc."
ps,ccTLD,,,,,False,"Ministry Of Telecommunications & Information Technology, Government Computer Center."
pt,ccTLD,,,,,False,Associação DNS.PT
pub,gTLD,,,,,False,United TLD Holdco Ltd.
pw,ccTLD,,,,,False,Micronesia Investment and Development Corporation
pwc,gTLD,,,,,False,PricewaterhouseCoopers LLP
py,ccTLD,,,,,False,NIC-PY
qa,ccTLD,,,,,False,Communications Regulatory Authority
qpon,gTLD,,,,,False,"dotCOOL, Inc."
quebec,gTLD,,,,,False,PointQuébec Inc
quest,gTLD,,,,,False,XYZ.COM LLC
qvc,gTLD,,,,,False,"QVC, Inc."
racing,gTLD,,,,,False,Premier Registry Limited
radio,gTLD,,,,,False,European Broadcasting Union (EBU)
raid,gTLD,,,,,False,"Johnson Shareholdings, Inc."
re,ccTLD,,,,,False,Association Française pour le Nommage Internet en Coopération (A.F.N.I.C.)
read,gTLD,,,,,False,"Amazon Registry Services, Inc."
realestate,gTLD,,,,,False,dotRealEstate LLC
realtor,gTLD,,,,,False,Real Estate Domains LLC
realty,gTLD,,,,,False,"Fegistry, LLC"
recipes,gTLD,,,,,False,"Binky Moon, LLC"
red,gTLD,,,,,False,Afilias Limited
redstone,gTLD,,,,,False,"Redstone Haute Couture Co., Ltd."
redumbrella,gTLD,,,,,False,"Travelers TLD, LLC"
rehab,gTLD,,,,,False,United TLD Holdco Ltd.
reise,gTLD,,,travel,,False,"Binky Moon, LLC"
reisen,gTLD,,,traveling,,False,"Binky Moon, LLC"
reit,gTLD,,,,,False,"National Association of Real Estate Investment Trusts, Inc."
reliance,gTLD,,,,,False,Reliance Industries Limited
ren,gTLD,,,,,False,ZDNS International Limited
rent,gTLD,,,,,False,XYZ.COM LLC
rentals,gTLD,,,,,False,"Binky Moon, LLC"
repair,gTLD,,,,,False,"Binky Moon, LLC"
report,gTLD,,,,,False,"Binky Moon, LLC"
republican,gTLD,,,,,False,United TLD Holdco Ltd.
rest,gTLD,,,,,False,Punto 2012 Sociedad Anonima Promotora de Inversion de Capital Variable
restaurant,gTLD,,,,,False,"Binky Moon, LLC"
review,gTLD,,,,,False,dot Review Limited
reviews,gTLD,,,,,False,"United TLD Holdco, Ltd."
rexroth,gTLD,,,,,False,Robert Bosch GMBH
rich,gTLD,,,,,False,iRegistry GmbH
richardli,gTLD,,,,,False,Pacific Century Asset Management (HK) Limited
ricoh,gTLD,,,,,False,"Ricoh Company, Ltd."
rightathome,gTLD,,,,,False,Not assigned
ril,gTLD,,,,,False,Reliance Industries Limited
rio,gTLD,,,,,False,Empresa Municipal de Informática SA - IPLANRIO
rip,gTLD,,,,,False,United TLD Holdco Ltd.
rmit,gTLD,,,,,False,Royal Melbourne Institute of Technology
ro,ccTLD,,,,,False,National Institute for R&D in Informatics
rocher,gTLD,,,,,False,Ferrero Trading Lux S.A.
rocks,gTLD,,,,,False,"United TLD Holdco, LTD."
rodeo,gTLD,,,,,False,Minds + Machines Group Limited
rogers,gTLD,,,,,False,Rogers Communications Canada Inc.
room,gTLD,,,,,False,"Amazon Registry Services, Inc."
rs,ccTLD,,,,,False,Serbian National Internet Domain Registry (RNIDS)
rsvp,gTLD,,,invitations and replies,,False,Charleston Road Registry Inc.
ru,ccTLD,,,,,False,Coordination Center for TLD RU
rugby,gTLD,,,,,False,World Rugby Strategic Developments Limited
ruhr,gTLD,,,,,False,regiodot GmbH & Co. KG
run,gTLD,,,,,False,"Binky Moon, LLC"
rw,ccTLD,,,,,False,Rwanda Internet Community and Technology Alliance (RICTA) Ltd
rwe,gTLD,,,,,False,RWE AG
ryukyu,gTLD,,,,,False,"BRregistry, Inc."
sa,ccTLD,,,,,False,Communications and Information Technology Commission
saarland,gTLD,,,,,False,dotSaarland GmbH
safe,gTLD,,,,,False,"Amazon Registry Services, Inc."
safety,gTLD,,,,,False,"Safety Registry Services, LLC."
sakura,gTLD,,,,,False,SAKURA Internet Inc.
sale,gTLD,,,,,False,"United TLD Holdco, Ltd"
salon,gTLD,,,,,False,"Binky Moon, LLC"
samsclub,gTLD,,,,,False,"Wal-Mart Stores, Inc."
samsung,gTLD,,,,,False,"SAMSUNG SDS CO., LTD"
sandvik,gTLD,,,,,False,Sandvik AB
sandvikcoromant,gTLD,,,,,False,Sandvik AB
sanofi,gTLD,,,,,False,Sanofi
sap,gTLD,,,,,False,SAP AG
sapo,gTLD,,,,,False,Not assigned
sarl,gTLD,,,"société à responsabilité limitée, francophone limited liability company",,False,"Binky Moon, LLC"
sas,gTLD,,,,,False,Research IP LLC
save,gTLD,,,,,False,"Amazon Registry Services, Inc."
saxo,gTLD,,,,,False,Saxo Bank A/S
sb,ccTLD,,,,,False,Solomon Telekom Company Limited
sbi,gTLD,,,,,False,STATE BANK OF INDIA
sbs,gTLD,,,,,False,SPECIAL BROADCASTING SERVICE CORPORATION
sc,ccTLD,,,,,False,VCS Pty Ltd
sca,gTLD,,,,,False,SVENSKA CELLULOSA AKTIEBOLAGET SCA (publ)
scb,gTLD,,,,,False,"The Siam Commercial Bank Public Company Limited (""SCB"")"
schaeffler,gTLD,,,,,False,Schaeffler Technologies AG & Co. KG
schmidt,gTLD,,,,,False,SALM S.A.S.
scholarships,gTLD,,,,,False,"Scholarships.com, LLC"
school,gTLD,,,,,False,"Binky Moon, LLC"
schule,gTLD,,,school,,False,"Binky Moon, LLC"
schwarz,gTLD,,,,,False,Schwarz Domains und Services GmbH & Co. KG
science,gTLD,,,,,False,dot Science Limited
scjohnson,gTLD,,,,,False,"Johnson Shareholdings, Inc."
scor,gTLD,,,,,False,Not assigned
scot,gTLD,,,,,False,Dot Scot Registry Limited
sd,ccTLD,,,,,False,Sudan Internet Society
se,ccTLD,,,,,False,The Internet Infrastructure Foundation
search,gTLD,,,,,False,Charleston Road Registry Inc.
seat,gTLD,,,,,False,"SEAT, S.A. (Sociedad Unipersonal)"
secure,gTLD,,,,,False,"Amazon Registry Services, Inc."
security,gTLD,,,,,False,XYZ.COM LLC
seek,gTLD,,,,,False,Seek Limited
select,gTLD,,,,,False,"Registry Services, LLC"
sener,gTLD,,,,,False,"Sener Ingeniería y Sistemas, S.A."
services,gTLD,,,,,False,"Binky Moon, LLC"
ses,gTLD,,,,,False,SES
seven,gTLD,,,,,False,Seven West Media Ltd
sew,gTLD,,,,,False,SEW-EURODRIVE GmbH & Co KG
sex,gTLD,,,,,False,ICM Registry SX LLC
sexy,gTLD,,,,,False,"Uniregistry, Corp."
sfr,gTLD,,,,,False,Societe Francaise du Radiotelephone - SFR
sg,ccTLD,,,,,False,Singapore Network Information Centre (SGNIC) Pte Ltd
sh,ccTLD,,,,,False,Government of St. Helena
shangrila,gTLD,,,,,False,Shangri‐La International Hotel Management Limited
sharp,gTLD,,,,,False,Sharp Corporation
shaw,gTLD,,,,,False,Shaw Cablesystems G.P.
shell,gTLD,,,,,False,Shell Information Technology International Inc
shia,gTLD,,,,,False,Asia Green IT System Bilgisayar San. ve Tic. Ltd. Sti.
shiksha,gTLD,,,education,,False,Afilias Limited
shoes,gTLD,,,,,False,"Binky Moon, LLC"
shop,gTLD,,,,,False,"GMO Registry, Inc."
shopping,gTLD,,,,,False,"Binky Moon, LLC"
shouji,gTLD,,,phone,,False,QIHOO 360 TECHNOLOGY CO. LTD.
show,gTLD,,,,,False,"Binky Moon, LLC"
showtime,gTLD,,,,,False,CBS Domains Inc.
shriram,gTLD,,,,,False,Shriram Capital Ltd.
si,ccTLD,,,,,False,Academic and Research Network of Slovenia (ARNES)
silk,gTLD,,,,,False,"Amazon Registry Services, Inc."
sina,gTLD,,,,,False,Sina Corporation
singles,gTLD,,,,,False,"Binky Moon, LLC"
site,gTLD,,,,,False,DotSite Inc.
sj,ccTLD,,,,,False,Norid A/S
sk,ccTLD,,,,,False,"SK-NIC, a.s."
ski,gTLD,,,,,False,Afilias Limited
skin,gTLD,,,,,False,XYZ.COM LLC
sky,gTLD,,,,,False,Sky International AG
skype,gTLD,,,,,False,Microsoft Corporation
sl,ccTLD,,,,,False,Sierratel
sling,gTLD,,,,,False,Hughes Satellite Systems Corporation
sm,ccTLD,,,,,False,Telecom Italia San Marino S.p.A.
smart,gTLD,,,,,False,"Smart Communications, Inc. (SMART)"
smile,gTLD,,,,,False,"Amazon Registry Services, Inc."
sn,ccTLD,,,,,False,Universite Cheikh Anta Diop NIC Senegal
sncf,gTLD,,,,,False,SNCF (Société Nationale des Chemins de fer Francais)
so,ccTLD,,,,,False,Ministry of Post and Telecommunications
soccer,gTLD,,,,,False,"Binky Moon, LLC"
social,gTLD,,,,,False,United TLD Holdco Ltd.
softbank,gTLD,,,,,False,SoftBank Group Corp.
software,gTLD,,,,,False,"United TLD Holdco, Ltd"
sohu,gTLD,,,,,False,Sohu.com Limited
solar,gTLD,,,,,False,"Binky Moon, LLC"
solutions,gTLD,,,,,False,"Binky Moon, LLC"
song,gTLD,,,,,False,"Amazon Registry Services, Inc."
sony,gTLD,,,,,False,Sony Corporation
soy,gTLD,,,i am,,False,Charleston Road Registry Inc.
spa,gTLD,,,,,False,Asia Spa and Wellness Promotion Council Limited
space,gTLD,,,,,False,DotSpace Inc.
spiegel,gTLD,,,,,False,Not assigned
sport,gTLD,,,,,False,Global Association of International Sports Federations (GAISF)
spot,gTLD,,,,,False,"Amazon Registry Services, Inc."
spreadbetting,gTLD,,,,,False,DOTSPREADBETTING REGISTRY LTD
sr,ccTLD,,,,,False,Telesur
srl,gTLD,,,,,False,InterNetX Corp.
srt,gTLD,,,,,False,Not assigned
ss,ccTLD,,,,,False,National Communication Authority (NCA)
st,ccTLD,,,,,False,Tecnisys
stada,gTLD,,,,,False,STADA Arzneimittel AG
staples,gTLD,,,,,False,"Staples, Inc."
star,gTLD,,,,,False,Star India Private Limited
starhub,gTLD,,,,,False,Not assigned
statebank,gTLD,,,,,False,STATE BANK OF INDIA
statefarm,gTLD,,,,,False,State Farm Mutual Automobile Insurance Company
statoil,gTLD,,,,,False,Not assigned
stc,gTLD,,,,,False,Saudi Telecom Company
stcgroup,gTLD,,,,,False,Saudi Telecom Company
stockholm,gTLD,,,,,False,Stockholms kommun
storage,gTLD,,,,,False,XYZ.COM LLC
store,gTLD,,,,,False,DotStore Inc.
stream,gTLD,,,,,False,dot Stream Limited
studio,gTLD,,,,,False,United TLD Holdco Ltd.
study,gTLD,,,,,False,OPEN UNIVERSITIES AUSTRALIA PTY LTD
style,gTLD,,,,,False,"Binky Moon, LLC"
su,ccTLD,,,,,False,Russian Institute for Development of Public Networks (ROSNIIROS)
sucks,gTLD,,,,,False,Vox Populi Registry Ltd.
supplies,gTLD,,,,,False,"Binky Moon, LLC"
supply,gTLD,,,,,False,"Binky Moon, LLC"
support,gTLD,,,,,False,"Binky Moon, LLC"
surf,gTLD,,,,,False,Minds + Machines Group Limited
surgery,gTLD,,,,,False,"Binky Moon, LLC"
suzuki,gTLD,,,,,False,SUZUKI MOTOR CORPORATION
sv,ccTLD,,,,,False,SVNet
swatch,gTLD,,,,,False,The Swatch Group Ltd
swiftcover,gTLD,,,,,False,Swiftcover Insurance Services Limited
swiss,gTLD,,,,,False,Swiss Confederation
sx,ccTLD,,,,,False,SX Registry SA B.V.
sy,ccTLD,,,,,False,National Agency for Network Services (NANS)
sydney,gTLD,,,,,False,"State of New South Wales, Department of Premier and Cabinet"
symantec,gTLD,,,,,False,Not assigned
systems,gTLD,,,,,False,"Binky Moon, LLC"
sz,ccTLD,,,,,False,University of Swaziland Department of Computer Science
tab,gTLD,,,,,False,Tabcorp Holdings Limited
taipei,gTLD,,,,,False,Taipei City Government
talk,gTLD,,,,,False,"Amazon Registry Services, Inc."
taobao,gTLD,,,,,False,Alibaba Group Holding Limited
target,gTLD,,,,,False,"Target Domain Holdings, LLC"
tatamotors,gTLD,,,,,False,Tata Motors Ltd
tatar,gTLD,,,,,False,"Limited Liability Company ""Coordination Center of Regional Domain of Tatarstan Republic"""
tattoo,gTLD,,,,,False,"Uniregistry, Corp."
tax,gTLD,,,,,False,"Binky Moon, LLC"
taxi,gTLD,,,,,False,"Binky Moon, LLC"
tc,ccTLD,,,,,False,Melrex TC
tci,gTLD,,,,,False,Asia Green IT System Bilgisayar San. ve Tic. Ltd. Sti.
td,ccTLD,,,,,False,l'Agence de Développement des Technologies de l'Information et de la Communication (ADETIC)
tdk,gTLD,,,,,False,TDK Corporation
team,gTLD,,,,,False,"Binky Moon, LLC"
tech,gTLD,,,,,False,Dot Tech LLC
technology,gTLD,,,,,False,"Binky Moon, LLC"
tel,sTLD,,,,,False,Telnames Ltd.
telecity,gTLD,,,,,False,Not assigned
telefonica,gTLD,,,,,False,Not assigned
temasek,gTLD,,,,,False,Temasek Holdings (Private) Limited
tennis,gTLD,,,,,False,"Binky Moon, LLC"
teva,gTLD,,,,,False,Teva Pharmaceutical Industries Limited
tf,ccTLD,,,,,False,Association Française pour le Nommage Internet en Coopération (A.F.N.I.C.)
tg,ccTLD,,,,,False,Autorite de Reglementation des secteurs de Postes et de Telecommunications (ART&P)
th,ccTLD,,,,,False,Thai Network Information Center Foundation
thd,gTLD,,,,,False,"Home Depot Product Authority, LLC"
theater,gTLD,,,,,False,"Binky Moon, LLC"
theatre,gTLD,,,,,False,XYZ.COM LLC
tiaa,gTLD,,,,,False,Teachers Insurance and Annuity Association of America
tickets,gTLD,,,,,False,Accent Media Limited
tienda,gTLD,,,shop,,False,"Binky Moon, LLC"
tiffany,gTLD,,,,,False,Tiffany and Company
tips,gTLD,,,,,False,"Binky Moon, LLC"
tires,gTLD,,,,,False,"Binky Moon, LLC"
tirol,gTLD,,,,,False,punkt Tirol GmbH
tj,ccTLD,,,,,False,Information Technology Center
tjmaxx,gTLD,,,,,False,"The TJX Companies, Inc."
tjx,gTLD,,,,,False,"The TJX Companies, Inc."
tk,ccTLD,,,,,False,Telecommunication Tokelau Corporation (Teletok)
tkmaxx,gTLD,,,,,False,"The TJX Companies, Inc."
tl,ccTLD,,,,,False,Autoridade Nacional de Comunicações
tm,ccTLD,,,,,False,TM Domain Registry Ltd
tmall,gTLD,,,,,False,Alibaba Group Holding Limited
tn,ccTLD,,,,,False,Agence Tunisienne d'Internet
to,ccTLD,,,,,False,Government of the Kingdom of Tonga H.R.H. Crown Prince Tupouto'a c/o Consulate of Tonga
today,gTLD,,,,,False,"Binky Moon, LLC"
tokyo,gTLD,,,,,False,"GMO Registry, Inc."
tools,gTLD,,,,,False,"Binky Moon, LLC"
top,gTLD,,,,,False,"Jiangsu Bangning Science & Technology Co.,Ltd."
toray,gTLD,,,,,False,"Toray Industries, Inc."
toshiba,gTLD,,,,,False,TOSHIBA Corporation
total,gTLD,,,,,False,Total SA
tours,gTLD,,,,,False,"Binky Moon, LLC"
town,gTLD,,,,,False,"Binky Moon, LLC"
toyota,gTLD,,,,,False,TOYOTA MOTOR CORPORATION
toys,gTLD,,,,,False,"Binky Moon, LLC"
tp,ccTLD,,,,,False,Retired
tr,ccTLD,,,,,False,Bilgi Teknolojileri ve İletişim Kurumu (BTK)
trade,gTLD,,,,,False,Elite Registry Limited
trading,gTLD,,,,,False,DOTTRADING REGISTRY LTD
training,gTLD,,,,,False,"Binky Moon, LLC"
travel,sTLD,,,,,False,"Dog Beach, LLC"
travelchannel,gTLD,,,,,False,"Lifestyle Domain Holdings, Inc."
travelers,gTLD,,,,,False,"Travelers TLD, LLC"
travelersinsurance,gTLD,,,,,False,"Travelers TLD, LLC"
trust,gTLD,,,,,False,Artemis Internet Inc
trv,gTLD,,,,,False,"Travelers TLD, LLC"
tt,ccTLD,,,,,False,University of the West Indies Faculty of Engineering
tube,gTLD,,,,,False,Latin American Telecom LLC
tui,gTLD,,,,,False,TUI AG
tunes,gTLD,,,,,False,"Amazon Registry Services, Inc."
tushu,gTLD,,,books,,False,"Amazon Registry Services, Inc."
tv,ccTLD,,,,,False,Ministry of Finance and Tourism
tvs,gTLD,,,,,False,T V SUNDRAM IYENGAR & SONS PRIVATE LIMITED
tw,ccTLD,,,,,False,Taiwan Network Information Center (TWNIC)
tz,ccTLD,,,,,False,Tanzania Communications Regulatory Authority
ua,ccTLD,,,,,False,Hostmaster Ltd.
ubank,gTLD,,,,,False,National Australia Bank Limited
ubs,gTLD,,,,,False,UBS AG
uconnect,gTLD,,,,,False,Not assigned
ug,ccTLD,,,,,False,Uganda Online Ltd.
uk,ccTLD,,,,,False,Nominet UK
um,ccTLD,,,,,False,Not assigned
unicom,gTLD,,,,,False,China United Network Communications Corporation Limited
university,gTLD,,,,,False,"Binky Moon, LLC"
uno,gTLD,,,one,,False,DotSite Inc.
uol,gTLD,,,,,False,UBN INTERNET LTDA.
ups,gTLD,,,,,False,"UPS Market Driver, Inc."
us,ccTLD,,,,,False,"NeuStar, Inc."
uy,ccTLD,,,,,False,SeCIU - Universidad de la Republica
uz,ccTLD,,,,,False,Single Integrator for Creation and Support of State Information Systems UZINFOCOM
va,ccTLD,,,,,False,Holy See - Vatican City State
vacations,gTLD,,,,,False,"Binky Moon, LLC"
vana,gTLD,,,,,False,"Lifestyle Domain Holdings, Inc."
vanguard,gTLD,,,,,False,"The Vanguard Group, Inc."
vc,ccTLD,,,,,False,"Ministry of Telecommunications, Science, Technology and Industry"
ve,ccTLD,,,,,False,Comisión Nacional de Telecomunicaciones (CONATEL)
vegas,gTLD,,,,,False,"Dot Vegas, Inc."
ventures,gTLD,,,,,False,"Binky Moon, LLC"
verisign,gTLD,,,,,False,"VeriSign, Inc."
vermögensberater,gTLD,xn--vermgensberater-ctb,de,financial advisor,,False,Deutsche Vermögensberatung Aktiengesellschaft DVAG
vermögensberatung,gTLD,xn--vermgensberatung-pwb,de,financial advice,,False,Deutsche Vermögensberatung Aktiengesellschaft DVAG
versicherung,gTLD,,,insurance,,False,TLD-BOX Registrydienstleistungen GmbH
vet,gTLD,,,,,False,"United TLD Holdco, Ltd"
vg,ccTLD,,,,,False,Telecommunications Regulatory Commission of the Virgin Islands
vi,ccTLD,,,,,False,"Virgin Islands Public Telecommunications System, Inc."
viajes,gTLD,,,travel,,False,"Binky Moon, LLC"
video,gTLD,,,,,False,"United TLD Holdco, Ltd"
vig,gTLD,,,,,False,VIENNA INSURANCE GROUP AG Wiener Versicherung Gruppe
viking,gTLD,,,,,False,Viking River Cruises (Bermuda) Ltd.
villas,gTLD,,,,,False,"Binky Moon, LLC"
vin,gTLD,,,,,False,"Binky Moon, LLC"
vip,gTLD,,,,,False,Minds + Machines Group Limited
virgin,gTLD,,,,,False,Virgin Enterprises Limited
visa,gTLD,,,,,False,Visa Worldwide Pte. Limited
vision,gTLD,,,,,False,"Binky Moon, LLC"
vista,gTLD,,,,,False,Not assigned
vistaprint,gTLD,,,,,False,Not assigned
viva,gTLD,,,,,False,Saudi Telecom Company
vivo,gTLD,,,,,False,Telefonica Brasil S.A.
vlaanderen,gTLD,,,,,False,DNS.be vzw
vn,ccTLD,,,,,False,Viet Nam Internet Network Information Center (VNNIC)
vodka,gTLD,,,,,False,Minds + Machines Group Limited
volkswagen,gTLD,,,,,False,Volkswagen Group of America Inc.
volvo,gTLD,,,,,False,Volvo Holding Sverige Aktiebolag
vote,gTLD,,,,,False,Monolith Registry LLC
voting,gTLD,,,,,False,Valuetainment Corp.
voto,gTLD,,,vote,,False,Monolith Registry LLC
voyage,gTLD,,,,,False,"Binky Moon, LLC"
vu,ccTLD,,,,,False,Telecommunications Radiocommunications and Broadcasting Regulator (TRBR)
vuelos,gTLD,,,flights,,False,Travel Reservations SRL
wales,gTLD,,,,,False,Nominet UK
walmart,gTLD,,,,,False,"Wal-Mart Stores, Inc."
walter,gTLD,,,,,False,Sandvik AB
wang,gTLD,,,,,False,Zodiac Wang Limited
wanggou,gTLD,,,online shopping,,False,"Amazon Registry Services, Inc."
warman,gTLD,,,,,False,Not assigned
watch,gTLD,,,,,False,"Binky Moon, LLC"
watches,gTLD,,,,,False,Richemont DNS Inc.
weather,gTLD,,,,,False,International Business Machines Corporation
weatherchannel,gTLD,,,,,False,International Business Machines Corporation
webcam,gTLD,,,,,False,dot Webcam Limited
weber,gTLD,,,,,False,Saint-Gobain Weber SA
website,gTLD,,,,,False,DotWebsite Inc.
wed,gTLD,,,,,False,Emergency Back-End Registry Operator Program - ICANN
wedding,gTLD,,,,,False,Minds + Machines Group Limited
weibo,gTLD,,,microblogging,,False,Sina Corporation
weir,gTLD,,,,,False,Weir Group IP Limited
wf,ccTLD,,,,,False,Association Française pour le Nommage Internet en Coopération (A.F.N.I.C.)
whoswho,gTLD,,,,,False,Who's Who Registry
wien,gTLD,,,,,False,punkt.wien GmbH
wiki,gTLD,,,,,False,"Top Level Design, LLC"
williamhill,gTLD,,,,,False,William Hill Organization Limited
win,gTLD,,,,,False,First Registry Limited
windows,gTLD,,,,,False,Microsoft Corporation
wine,gTLD,,,,,False,"Binky Moon, LLC"
winners,gTLD,,,,,False,"The TJX Companies, Inc."
wme,gTLD,,,,,False,"William Morris Endeavor Entertainment, LLC"
wolterskluwer,gTLD,,,,,False,Wolters Kluwer N.V.
woodside,gTLD,,,,,False,Woodside Petroleum Limited
work,gTLD,,,,,False,Minds + Machines Group Limited
works,gTLD,,,,,False,"Binky Moon, LLC"
world,gTLD,,,,,False,"Binky Moon, LLC"
wow,gTLD,,,,,False,"Amazon Registry Services, Inc."
ws,ccTLD,,,,,False,Government of Samoa Ministry of Foreign Affairs & Trade
wtc,gTLD,,,,,False,"World Trade Centers Association, Inc."
wtf,gTLD,,,,,False,"Binky Moon, LLC"
xbox,gTLD,,,,,False,Microsoft Corporation
xerox,gTLD,,,,,False,Xerox DNHC LLC
xfinity,gTLD,,,,,False,"Comcast IP Holdings I, LLC"
xihuan,gTLD,,,like,,False,QIHOO 360 TECHNOLOGY CO. LTD.
xin,gTLD,,,,,False,Elegant Leader Limited
xperia,gTLD,,,,,False,Not assigned
xxx,sTLD,,,,,False,ICM Registry LLC
xyz,gTLD,,,,,False,XYZ.COM LLC
yachts,gTLD,,,,,False,"DERYachts, LLC"
yahoo,gTLD,,,,,False,Yahoo! Domain Services Inc.
yamaxun,gTLD,,,,,False,"Amazon Registry Services, Inc."
yandex,gTLD,,,,,False,Yandex Europe B.V.
ye,ccTLD,,,,,False,TeleYemen
yodobashi,gTLD,,,,,False,"YODOBASHI CAMERA CO.,LTD."
yoga,gTLD,,,,,False,Minds + Machines Group Limited
yokohama,gTLD,,,,,False,"GMO Registry, Inc."
you,gTLD,,,,,False,"Amazon Registry Services, Inc."
youtube,gTLD,,,,,False,Charleston Road Registry Inc.
yt,ccTLD,,,,,False,Association Française pour le Nommage Internet en Coopération (A.F.N.I.C.)
yun,gTLD,,,,,False,QIHOO 360 TECHNOLOGY CO. LTD.
za,ccTLD,,,,,False,ZA Domain Name Authority
zappos,gTLD,,,,,False,"Amazon Registry Services, Inc."
zara,gTLD,,,,,False,"Industria de Diseño Textil, S.A. (INDITEX, S.A.)"
zero,gTLD,,,,,False,"Amazon Registry Services, Inc."
zip,gTLD,,,,,False,Charleston Road Registry Inc.
zippo,gTLD,,,,,False,Not assigned
zm,ccTLD,,,,,False,Zambia Information and Communications Technology Authority (ZICTA)
zone,gTLD,,,,,False,"Binky Moon, LLC"
zuerich,gTLD,,,,,False,Kanton Zürich (Canton of Zurich)
zw,ccTLD,,,,,False,Postal and Telecommunications Regulatory Authority of Zimbabwe (POTRAZ)
δοκιμή,test,xn--jxalpdlp,el,test,dokimé,False,Internet Assigned Numbers Authority
ελ,ccTLD,xn--qxam,el,ht,,False,ICS-FORTH GR
ευ,ccTLD,xn--qxa6a,,,,False,EURid vzw/asbl
бг,ccTLD,xn--90ae,sr,bg,,False,Imena.BG AD
бел,ccTLD,xn--90ais,bg,bell,,False,"Reliable Software, Ltd."
дети,gTLD,xn--d1acj3b,ru,kids,dyeti,False,The Foundation for Network Initiatives “The Smart Internet”
ею,ccTLD,xn--e1a4c,ru,her,,False,EURid vzw/asbl
испытание,test,xn--80akhbyknj4f,ru,test,ispytánije,False,Internet Assigned Numbers Authority
католик,gTLD,xn--80aqecdr1a,mn,catholic,Katolik,False,Pontificium Consilium de Comunicationibus Socialibus (PCCS) (Pontifical Council for Social Communication)
ком,gTLD,xn--j1aef,ru,com,kom,False,VeriSign Sarl
мкд,ccTLD,xn--d1alf,ru,mcd,,False,Macedonian Academic Research Network Skopje
мон,ccTLD,xn--l1acc,ru,mont,,False,"Datacom Co.,Ltd"
москва,gTLD,xn--80adxhks,ru,moscow,moskva,False,Foundation for Assistance for Internet Technologies and Infrastructure Development (FAITID)
онлайн,gTLD,xn--80asehdb,ru,online,onlain,False,CORE Association
орг,gTLD,xn--c1avg,ru,organization,org,False,Public Interest Registry
рус,gTLD,xn--p1acf,ru,russian,rus,False,Rusnames Limited
рф,ccTLD,xn--p1ai,ru,rf,,False,Coordination Center for TLD RU
сайт,gTLD,xn--80aswg,ru,site,sait,False,CORE Association
срб,ccTLD,xn--90a3ac,bg,srb,,False,Serbian National Internet Domain Registry (RNIDS)
укр,ccTLD,xn--j1amh,uk,ukr,,False,"Ukrainian Network Information Centre (UANIC), Inc."
қаз,ccTLD,xn--80ao21a,ru,goose,,False,Association of IT Companies of Kazakhstan
հայ,ccTLD,xn--y9a3aq,hy,armenian,,False,"""Internet Society"" Non-governmental Organization"
טעסט,test,xn--deba0ad,en,test,,True,Internet Assigned Numbers Authority
ישראל,ccTLD,xn--4dbrk0ce,,,,True,Not assigned
קום,gTLD,xn--9dbq2a,he,get up,qom,True,VeriSign Sarl
آزمایشی,test,xn--hgbk6aj7f53bba,fa,in the cloud,,True,Internet Assigned Numbers Authority
إختبار,test,xn--kgbechtv,ar,test,,True,Internet Assigned Numbers Authority
ابوظبي,gTLD,xn--mgbca7dzdo,ar,abu dhabi,abu thabi,True,Abu Dhabi Systems and Information Centre
اتصالات,gTLD,xn--mgbaakc7dvf,ar,telecom,itissalat,True,Emirates Telecommunications Corporation (trading as Etisalat)
ارامكو,gTLD,xn--mgba3a3ejt,ar,aramco,,True,Aramco Services Company
الاردن,ccTLD,xn--mgbayh7gpa,ar,jordan,,True,National Information Technology Center (NITC)
البحرين,ccTLD,xn--mgbcpq6gpa1a,,,,True,Telecommunications Regulatory Authority (TRA)
الجزائر,ccTLD,xn--lgbbat1ad8j,ar,algeria,,True,CERIST
السعودية,ccTLD,xn--mgberp4a5d4ar,ar,saudi arabia,,True,Communications and Information Technology Commission
العليان,gTLD,xn--mgba7c0bbn0a,ar,olayan,al-alian,True,Crescent Holding GmbH
المغرب,ccTLD,xn--mgbc0a9azcg,ar,morocco,,True,Agence Nationale de Réglementation des Télécommunications (ANRT)
امارات,ccTLD,xn--mgbaam7a8h,fa,uae,,True,Telecommunications Regulatory Authority (TRA)
ایران,ccTLD,xn--mgba3a4f16a,fa,iran,,True,Institute for Research in Fundamental Sciences (IPM)
بارت,ccTLD,xn--mgbbh1a,ar,bart,,True,National Internet eXchange of India
بازار,gTLD,xn--mgbab2bd,ar,bazaar,,True,CORE Association
بيتك,gTLD,xn--ngbe9e0a,ar,b-tech,baytak,True,Kuwait Finance House
بھارت,ccTLD,xn--mgbbh1a71e,ur,india,,True,National Internet Exchange of India
تونس,ccTLD,xn--pgbs0dh,ar,tunisia,,True,Agence Tunisienne d'Internet
سودان,ccTLD,xn--mgbpl2fh,fa,sudan,sudan,True,Sudan Internet Society
سورية,ccTLD,xn--ogbpf8fl,ar,syria,,True,National Agency for Network Services (NANS)
شبكة,gTLD,xn--ngbc5azd,ar,web,,True,International Domain Registry Pty. Ltd.
عراق,ccTLD,xn--mgbtx2b,fa,iraq,,True,Communications and Media Commission (CMC)
عرب,gTLD,xn--ngbrx,ar,Arabs,arab,True,League of Arab States
عمان,ccTLD,xn--mgb9awbf,ar,oman,,True,Telecommunications Regulatory Authority (TRA)
فلسطين,ccTLD,xn--ygbi2ammx,ar,palestine,,True,Ministry of Telecom & Information Technology (MTIT)
قطر,ccTLD,xn--wgbl6a,ar,qatar,,True,Communications Regulatory Authority
كاثوليك,gTLD,xn--mgbi4ecexp,ar,catholic,catholic,True,Pontificium Consilium de Comunicationibus Socialibus (PCCS) (Pontifical Council for Social Communication)
كوم,gTLD,xn--fhbei,ar,com,com,True,VeriSign Sarl
مصر,ccTLD,xn--wgbh1c,ar,egypt,,True,National Telecommunication Regulatory Authority - NTRA
مليسيا,ccTLD,xn--mgbx4cd0ab,ar,malysia,,True,MYNIC Berhad
موبايلي,gTLD,xn--mgbb9fbpob,ar,mobily,mobily,True,Not assigned
موريتانيا,ccTLD,xn--mgbah1a3hjkrd,ar,mauritania,,True,Université de Nouakchott Al Aasriya
موقع,gTLD,xn--4gbrim,ar,site,,True,Suhub Electronic Establishment
همراه,gTLD,xn--mgbt3dhd,fa,along,hamra,True,Asia Green IT System Bilgisayar San. ve Tic. Ltd. Sti.
پاكستان,ccTLD,xn--mgbai9a5eva00b,fa,pakistan,,True,Not assigned
پاکستان,ccTLD,xn--mgbai9azgqp6j,ur,pakistan,,True,National Telecommunication Corporation
ڀارت,ccTLD,xn--mgbgu82a,sd,india,,True,National Internet eXchange of India
कॉम,gTLD,xn--11b4c3d,hi,com,koma,False,VeriSign Sarl
नेट,gTLD,xn--c2br7g,hi,met,neta,False,VeriSign Sarl
परीक्षा,test,xn--11b5bs3a9aj6g,hi,exam,parīkṣā,False,Internet Assigned Numbers Authority
भारत,ccTLD,xn--h2brj9c,hi,india,,False,National Internet Exchange of India
भारतम्,ccTLD,xn--h2breg3eve,ne,bharatam,,False,National Internet eXchange of India
भारोत,ccTLD,xn--h2brj9c8c,hi,bharot,,False,National Internet eXchange of India
संगठन,gTLD,xn--i1b6b1a6a2e,hi,organization,saṅgaṭhana,False,Public Interest Registry
বাংলা,ccTLD,xn--54b7fta0cc,bn,bengali,,False,Posts and Telecommunications Division
ভারত,ccTLD,xn--45brj9c,bn,india,,False,National Internet Exchange of India
ভাৰত,ccTLD,xn--45br5cyl,bn,bharata,,False,National Internet eXchange of India
ਭਾਰਤ,ccTLD,xn--s9brj9c,pa,india,,False,National Internet Exchange of India
ભારત,ccTLD,xn--gecrj9c,gu,india,,False,National Internet Exchange of India
ଭାରତ,ccTLD,xn--3hcrj9c,en,ଭାରତ,,False,National Internet eXchange of India
இந்தியா,ccTLD,xn--xkc2dl3a5ee0h,ta,india,,False,National Internet Exchange of India
இலங்கை,ccTLD,xn--xkc2al3hye2a,ta,sri lanka,,False,LK Domain Registry
சிங்கப்பூர்,ccTLD,xn--clchc0ea0b2g2a9gcd,ta,singapore,,False,Singapore Network Information Centre (SGNIC) Pte Ltd
பரிட்சை,test,xn--hlcj6aya9esc7a,ta,in ayurveda,pariṭcai,False,Internet Assigned Numbers Authority
భారత్,ccTLD,xn--fpcrj9c3d,te,india,,False,National Internet Exchange of India
ಭಾರತ,ccTLD,xn--2scrj9c,kn,india,,False,National Internet eXchange of India
ഭാരതം,ccTLD,xn--rvc1e0am3e,ml,india,,False,National Internet eXchange of India
ලංකා,ccTLD,xn--fzc2c9e2c,si,the,,False,LK Domain Registry
คอม,gTLD,xn--42c2d9a,th,com,khxm,False,VeriSign Sarl
ไทย,ccTLD,xn--o3cw4h,th,thai,,False,Thai Network Information Center Foundation
ລາວ,ccTLD,xn--q7ce6a,,,,False,Lao National Internet Center (LANIC)
გე,ccTLD,xn--node,ka,customize,,False,Information Technologies Development Center (ITDC)
みんな,gTLD,xn--q9jyb4c,ja,everyone,minna,False,Charleston Road Registry Inc.
アマゾン,gTLD,xn--cckwcxetd,,,,False,"Amazon Registry Services, Inc."
クラウド,gTLD,xn--gckr3f0f,ja,cloud,kuraudo,False,"Amazon Registry Services, Inc."
グーグル,gTLD,xn--qcka1pmc,ja,google,guguru,False,Charleston Road Registry Inc.
コム,gTLD,xn--tckwe,ja,com,komu,False,VeriSign Sarl
ストア,gTLD,xn--cck2b3b,ja,store,sutoa,False,"Amazon Registry Services, Inc."
セール,gTLD,xn--1ck2e1b,ja,sale,sēru,False,"Amazon Registry Services, Inc."
テスト,test,xn--zckzah,ja,test,tesuto,False,Internet Assigned Numbers Authority
ファッション,gTLD,xn--bck1b9a5dre4c,ja,fashion,fasshon,False,"Amazon Registry Services, Inc."
ポイント,gTLD,xn--eckvdtc9d,ja,point,pointo,False,"Amazon Registry Services, Inc."
世界,gTLD,xn--rhqv96g,zh,world,shìjiè,False,Stable Tone Limited
中信,gTLD,xn--fiq64b,zh,citic,,False,CITIC Group Corporation
中国,ccTLD,xn--fiqs8s,zh-hans,china,,False,China Internet Network Information Center (CNNIC)
中國,ccTLD,xn--fiqz9s,zh-hant,china,,False,China Internet Network Information Center (CNNIC)
中文网,gTLD,xn--fiq228c5hs,zh,dot chinese website,Zhōngwén wǎng,False,TLD REGISTRY LIMITED
亚马逊,gTLD,xn--jlq480n2rg,,,,False,"Amazon Registry Services, Inc."
企业,gTLD,xn--vhquv,zh-hans,enterprise,,False,"Binky Moon, LLC"
佛山,gTLD,xn--1qqw23a,zh,foshan,fòshān,False,"Guangzhou YU Wei Information Technology Co., Ltd."
信息,gTLD,xn--vuq861b,zh-hans,information,xinxi,False,"Beijing Tele-info Network Technology Co., Ltd."
健康,gTLD,xn--nyqy26a,zh-hans,healthy and fit,jiankang,False,Stable Tone Limited
八卦,gTLD,xn--45q11c,zh-hans,gossip,Bāguà,False,Zodiac Gemini Ltd
公司,gTLD,xn--55qx5d,zh,company,gōngsī,False,Computer Network Information Center of Chinese Academy of Sciences （China Internet Network Information Center）
公益,gTLD,xn--55qw42g,zh,charity,Gōngyì,False,China Organizational Name Administration Center
台湾,ccTLD,xn--kprw13d,zh-hans,taiwan,,False,Taiwan Network Information Center (TWNIC)
台灣,ccTLD,xn--kpry57d,zh-hant,taiwan,,False,Taiwan Network Information Center (TWNIC)
商城,gTLD,xn--czru2d,zh,mall,shāngchéng,False,Zodiac Aquarius Limited
商店,gTLD,xn--czrs0t,zh-hans,shop,shangdian,False,"Binky Moon, LLC"
商标,gTLD,xn--czr694b,zh,trademark,shāngbiāo,False,Internet DotTrademark Organisation Limited
嘉里,gTLD,xn--w4rs40l,zh-hans,kerry,jia li,False,Kerry Trading Co. Limited
嘉里大酒店,gTLD,xn--w4r85el8fhu5dnra,zh-hans,kerry hotel,jia li da jiudian,False,Kerry Trading Co. Limited
在线,gTLD,xn--3ds443g,zh,dot chinese online,zàixiàn,False,TLD REGISTRY LIMITED
大众汽车,gTLD,xn--3oq18vl8pn36a,zh-hans,volkswagen,dazhong qiche,False,"Volkswagen (China) Investment Co., Ltd."
大拿,gTLD,xn--pssy2u,zh-hans,big take,da na,False,VeriSign Sarl
天主教,gTLD,xn--tiq49xqyj,zh-hans,catholicism,tianzhujiao,False,Pontificium Consilium de Comunicationibus Socialibus (PCCS) (Pontifical Council for Social Communication)
娱乐,gTLD,xn--fjq720a,zh-hans,entertainment,yule,False,"Binky Moon, LLC"
家電,gTLD,xn--fct429k,ja,consumer electronics,kaden,False,"Amazon Registry Services, Inc."
工行,gTLD,xn--estv75g,zh-hans,icbc,gonghang,False,Not assigned
广东,gTLD,xn--xhq521b,zh-hans,guangdong,Guǎngdōng,False,"Guangzhou YU Wei Information Technology Co., Ltd."
微博,gTLD,xn--9krt00a,ja,miho,weibo,False,Sina Corporation
慈善,gTLD,xn--30rr7y,zh-hans,charity,Císhàn,False,Excellent First Limited
我爱你,gTLD,xn--6qq986b3xl,zh,i love you,wǒ ài nǐ,False,Tycoon Treasure Limited
手机,gTLD,xn--kput3i,zh,cell,,False,"Beijing RITT-Net Technology Development Co., Ltd"
手表,gTLD,xn--kpu716f,zh-hans,watch,shoubiao,False,Not assigned
招聘,gTLD,xn--otu796d,zh-hans,recruitment,zhaopin,False,Dot Trademark TLD Holding Company Limited
政务,gTLD,xn--zfr164b,zh,government,,False,China Organizational Name Administration Center
政府,gTLD,xn--mxtq1m,zh-hans,government,zhengfu,False,"Net-Chinese Co., Ltd."
新加坡,ccTLD,xn--yfro4i67o,zh-hans,singapore,,False,Singapore Network Information Centre (SGNIC) Pte Ltd
新闻,gTLD,xn--efvy88h,zh-hans,news,xinwen,False,"Guangzhou YU Wei Information and Technology Co.,Ltd"
时尚,gTLD,xn--9et52u,zh-hans,fashion,shishang,False,RISE VICTORY LIMITED
書籍,gTLD,xn--rovu88b,ja,a book,shoseki,False,"Amazon Registry Services, Inc."
机构,gTLD,xn--nqv7f,zh,agencies,jīgòu,False,Public Interest Registry
测试,test,xn--0zwm56d,zh,test,cèshì,False,Internet Assigned Numbers Authority
淡马锡,gTLD,xn--b4w605ferd,zh-hans,temasek,danmaxi,False,Temasek Holdings (Private) Limited
測試,test,xn--g6w251d,zh,measured job interview,cèshì,False,Internet Assigned Numbers Authority
游戏,gTLD,xn--unup4y,zh-hans,game,,False,"Binky Moon, LLC"
澳門,ccTLD,xn--mix891f,zh-hant,macau,,False,Macao Post and Telecommunications Bureau (CTT)
点看,gTLD,xn--3pxu8k,zh-hans,look at it,dian kan,False,VeriSign Sarl
珠宝,gTLD,xn--pbt977c,zh-hans,jewelry,zhubao,False,Not assigned
移动,gTLD,xn--6frz82g,zh,mobile,yídòng,False,Afilias Limited
组织机构,gTLD,xn--nqv7fs00ema,zh,organization,,False,Public Interest Registry
网址,gTLD,xn--ses554g,zh,network address,wǎngzhǐ,False,"KNET Co., Ltd"
网店,gTLD,xn--hxt814e,zh-hans,online shop,wang dian,False,Zodiac Taurus Ltd.
网站,gTLD,xn--5tzm5g,zh-hans,website,wǎngzhàn,False,Global Website TLD Asia Limited
网络,gTLD,xn--io0a7i,zh,network,wǎngluò,False,Computer Network Information Center of Chinese Academy of Sciences （China Internet Network Information Center）
联通,gTLD,xn--8y0a063a,zh-hans,china unicom,liantong,False,China United Network Communications Corporation Limited
诺基亚,gTLD,xn--jlq61u9w7b,zh-hans,nokia,nuojiya,False,Nokia Corporation
谷歌,gTLD,xn--flw351e,zh-hans,google,guge,False,Charleston Road Registry Inc.
购物,gTLD,xn--g2xx48c,zh-hans,shopping,gouwu,False,Minds + Machines Group Limited
通販,gTLD,xn--gk3at1e,ja,mail order,tsuhan,False,"Amazon Registry Services, Inc."
集团,gTLD,xn--3bst00m,zh,group,jítuán,False,Eagle Horizon Limited
電訊盈科,gTLD,xn--fzys8d69uvgm,zh-hans,pccw,dianxun yingke,False,PCCW Enterprises Limited
飞利浦,gTLD,xn--kcrx77d1x4a,zh-hans,philips,feilipu,False,Koninklijke Philips N.V.
食品,gTLD,xn--jvr189m,zh-hans,food,shokuhin,False,"Amazon Registry Services, Inc."
餐厅,gTLD,xn--imr513n,zh-hans,restaurant,canting,False,Internet DotTrademark Organisation Limited
香格里拉,gTLD,xn--5su34j936bgsg,zh-hans,shangri-la,xianggelila,False,Shangri‐La International Hotel Management Limited
香港,ccTLD,xn--j6w193g,zh-hans,hong kong,,False,Hong Kong Internet Registration Corporation Ltd.
닷넷,gTLD,xn--t60b56a,ko,net,datnet,False,VeriSign Sarl
닷컴,gTLD,xn--mk1bu44c,ko,dotcom,datkeom,False,VeriSign Sarl
삼성,gTLD,xn--cg4bki,ko,samsung,,False,"SAMSUNG SDS CO., LTD"
테스트,test,xn--9t4b11yi5a,ko,test,teseuteu,False,Internet Assigned Numbers Authority
한국,ccTLD,xn--3e0b707e,ko,republic of korea,,False,KISA (Korea Internet & Security Agency)
